Period,Counteragent ID,Deductable,Surplus
PRL012023,01DFE71D-5350-4A02-ABCD-C6A3C15B94EE,,75
PRL022023,01DFE71D-5350-4A02-ABCD-C6A3C15B94EE,,75
PRL032023,01DFE71D-5350-4A02-ABCD-C6A3C15B94EE,,75
PRL042023,01DFE71D-5350-4A02-ABCD-C6A3C15B94EE,,75
PRL052023,01DFE71D-5350-4A02-ABCD-C6A3C15B94EE,,75
PRL062023,01DFE71D-5350-4A02-ABCD-C6A3C15B94EE,,75
PRL072023,01DFE71D-5350-4A02-ABCD-C6A3C15B94EE,,75
PRL082023,01DFE71D-5350-4A02-ABCD-C6A3C15B94EE,,75
PRL092023,01DFE71D-5350-4A02-ABCD-C6A3C15B94EE,,75
PRL102023,01DFE71D-5350-4A02-ABCD-C6A3C15B94EE,,87
PRL112023,01DFE71D-5350-4A02-ABCD-C6A3C15B94EE,,87
PRL122023,01DFE71D-5350-4A02-ABCD-C6A3C15B94EE,,87
PRL012024,01DFE71D-5350-4A02-ABCD-C6A3C15B94EE,,87
PRL022024,01DFE71D-5350-4A02-ABCD-C6A3C15B94EE,,87
PRL032024,01DFE71D-5350-4A02-ABCD-C6A3C15B94EE,,87
PRL042024,01DFE71D-5350-4A02-ABCD-C6A3C15B94EE,,87
PRL052024,01DFE71D-5350-4A02-ABCD-C6A3C15B94EE,,87
PRL062024,01DFE71D-5350-4A02-ABCD-C6A3C15B94EE,,87
PRL072024,01DFE71D-5350-4A02-ABCD-C6A3C15B94EE,,87
PRL082024,01DFE71D-5350-4A02-ABCD-C6A3C15B94EE,,87
PRL092024,01DFE71D-5350-4A02-ABCD-C6A3C15B94EE,,87
PRL102024,01DFE71D-5350-4A02-ABCD-C6A3C15B94EE,203,92
PRL112024,01DFE71D-5350-4A02-ABCD-C6A3C15B94EE,203,92
PRL122024,01DFE71D-5350-4A02-ABCD-C6A3C15B94EE,203,92
PRL012025,01DFE71D-5350-4A02-ABCD-C6A3C15B94EE,203,92
PRL022025,01DFE71D-5350-4A02-ABCD-C6A3C15B94EE,203,92
PRL032025,01DFE71D-5350-4A02-ABCD-C6A3C15B94EE,203,92
PRL042025,01DFE71D-5350-4A02-ABCD-C6A3C15B94EE,203,92
PRL052025,01DFE71D-5350-4A02-ABCD-C6A3C15B94EE,203,92
PRL062025,01DFE71D-5350-4A02-ABCD-C6A3C15B94EE,203,92
PRL072025,01DFE71D-5350-4A02-ABCD-C6A3C15B94EE,203,92
PRL082025,01DFE71D-5350-4A02-ABCD-C6A3C15B94EE,203,92
PRL092025,01DFE71D-5350-4A02-ABCD-C6A3C15B94EE,203,92
PRL102025,01DFE71D-5350-4A02-ABCD-C6A3C15B94EE,209,95
PRL112025,01DFE71D-5350-4A02-ABCD-C6A3C15B94EE,209,95
PRL122025,01DFE71D-5350-4A02-ABCD-C6A3C15B94EE,209,95
PRL012026,01DFE71D-5350-4A02-ABCD-C6A3C15B94EE,209,95
PRL022026,01DFE71D-5350-4A02-ABCD-C6A3C15B94EE,209,95
PRL012023,026E84AF-5543-4EA9-80AF-407FC0E41968,,75
PRL022023,026E84AF-5543-4EA9-80AF-407FC0E41968,,54.25
PRL122023,08ba1560-695e-4a63-9fc4-7771d23cff66,,87
PRL012024,08ba1560-695e-4a63-9fc4-7771d23cff66,,87
PRL022024,08ba1560-695e-4a63-9fc4-7771d23cff66,,87
PRL032024,08ba1560-695e-4a63-9fc4-7771d23cff66,,87
PRL042024,08ba1560-695e-4a63-9fc4-7771d23cff66,,87
PRL052024,08ba1560-695e-4a63-9fc4-7771d23cff66,,87
PRL062024,08ba1560-695e-4a63-9fc4-7771d23cff66,,87
PRL072024,08ba1560-695e-4a63-9fc4-7771d23cff66,,87
PRL082024,08ba1560-695e-4a63-9fc4-7771d23cff66,,87
PRL092024,08ba1560-695e-4a63-9fc4-7771d23cff66,,87
PRL102024,08ba1560-695e-4a63-9fc4-7771d23cff66,,92
PRL112024,08ba1560-695e-4a63-9fc4-7771d23cff66,,92
PRL122024,08ba1560-695e-4a63-9fc4-7771d23cff66,,92
PRL012025,08ba1560-695e-4a63-9fc4-7771d23cff66,,92
PRL022025,08ba1560-695e-4a63-9fc4-7771d23cff66,,92
PRL032025,08ba1560-695e-4a63-9fc4-7771d23cff66,,92
PRL042025,08ba1560-695e-4a63-9fc4-7771d23cff66,,92
PRL052025,08ba1560-695e-4a63-9fc4-7771d23cff66,,92
PRL062025,08ba1560-695e-4a63-9fc4-7771d23cff66,,92
PRL072025,08ba1560-695e-4a63-9fc4-7771d23cff66,,92
PRL082025,08ba1560-695e-4a63-9fc4-7771d23cff66,,92
PRL092025,08ba1560-695e-4a63-9fc4-7771d23cff66,,92
PRL102025,08ba1560-695e-4a63-9fc4-7771d23cff66,,95
PRL112025,08ba1560-695e-4a63-9fc4-7771d23cff66,,95
PRL122025,08ba1560-695e-4a63-9fc4-7771d23cff66,,95
PRL012026,08ba1560-695e-4a63-9fc4-7771d23cff66,,95
PRL022026,08ba1560-695e-4a63-9fc4-7771d23cff66,,95
PRL012023,0C7F8DB5-32E0-420B-B059-CA204377F0F3,,75
PRL022023,0C7F8DB5-32E0-420B-B059-CA204377F0F3,,75
PRL032023,0C7F8DB5-32E0-420B-B059-CA204377F0F3,,75
PRL042023,0C7F8DB5-32E0-420B-B059-CA204377F0F3,,75
PRL052023,0C7F8DB5-32E0-420B-B059-CA204377F0F3,,75
PRL062023,0C7F8DB5-32E0-420B-B059-CA204377F0F3,,75
PRL072023,0C7F8DB5-32E0-420B-B059-CA204377F0F3,,75
PRL082023,0C7F8DB5-32E0-420B-B059-CA204377F0F3,,75
PRL092023,0C7F8DB5-32E0-420B-B059-CA204377F0F3,,75
PRL102023,0C7F8DB5-32E0-420B-B059-CA204377F0F3,,87
PRL112023,0C7F8DB5-32E0-420B-B059-CA204377F0F3,,87
PRL122023,0C7F8DB5-32E0-420B-B059-CA204377F0F3,,87
PRL012024,0C7F8DB5-32E0-420B-B059-CA204377F0F3,,87
PRL022024,0C7F8DB5-32E0-420B-B059-CA204377F0F3,,87
PRL032024,0C7F8DB5-32E0-420B-B059-CA204377F0F3,,87
PRL042024,0C7F8DB5-32E0-420B-B059-CA204377F0F3,,87
PRL052024,0C7F8DB5-32E0-420B-B059-CA204377F0F3,,87
PRL062024,0C7F8DB5-32E0-420B-B059-CA204377F0F3,,87
PRL072024,0C7F8DB5-32E0-420B-B059-CA204377F0F3,,87
PRL082024,0C7F8DB5-32E0-420B-B059-CA204377F0F3,,87
PRL092024,0C7F8DB5-32E0-420B-B059-CA204377F0F3,,87
PRL102024,0C7F8DB5-32E0-420B-B059-CA204377F0F3,,92
PRL112024,0C7F8DB5-32E0-420B-B059-CA204377F0F3,,92
PRL122024,0C7F8DB5-32E0-420B-B059-CA204377F0F3,,92
PRL012025,0C7F8DB5-32E0-420B-B059-CA204377F0F3,,92
PRL022025,0C7F8DB5-32E0-420B-B059-CA204377F0F3,,92
PRL032025,0C7F8DB5-32E0-420B-B059-CA204377F0F3,,92
PRL042025,0C7F8DB5-32E0-420B-B059-CA204377F0F3,,92
PRL052025,0C7F8DB5-32E0-420B-B059-CA204377F0F3,,92
PRL062025,0C7F8DB5-32E0-420B-B059-CA204377F0F3,,92
PRL072025,0C7F8DB5-32E0-420B-B059-CA204377F0F3,,92
PRL082025,0C7F8DB5-32E0-420B-B059-CA204377F0F3,,92
PRL092025,0C7F8DB5-32E0-420B-B059-CA204377F0F3,,92
PRL102025,0C7F8DB5-32E0-420B-B059-CA204377F0F3,,95
PRL112025,0C7F8DB5-32E0-420B-B059-CA204377F0F3,,95
PRL122025,0C7F8DB5-32E0-420B-B059-CA204377F0F3,,95
PRL012026,0C7F8DB5-32E0-420B-B059-CA204377F0F3,,95
PRL022026,0C7F8DB5-32E0-420B-B059-CA204377F0F3,,95
PRL012023,19521391-5237-486E-B9F6-C4529F6D8E1D,165,75
PRL022023,19521391-5237-486E-B9F6-C4529F6D8E1D,165,75
PRL032023,19521391-5237-486E-B9F6-C4529F6D8E1D,165,75
PRL042023,19521391-5237-486E-B9F6-C4529F6D8E1D,165,75
PRL052023,19521391-5237-486E-B9F6-C4529F6D8E1D,165,75
PRL062023,19521391-5237-486E-B9F6-C4529F6D8E1D,165,75
PRL072023,19521391-5237-486E-B9F6-C4529F6D8E1D,165,75
PRL082023,19521391-5237-486E-B9F6-C4529F6D8E1D,165,75
PRL092023,19521391-5237-486E-B9F6-C4529F6D8E1D,165,75
PRL102023,19521391-5237-486E-B9F6-C4529F6D8E1D,269,122
PRL112023,19521391-5237-486E-B9F6-C4529F6D8E1D,269,122
PRL122023,19521391-5237-486E-B9F6-C4529F6D8E1D,269,122
PRL012024,19521391-5237-486E-B9F6-C4529F6D8E1D,269,122
PRL022024,19521391-5237-486E-B9F6-C4529F6D8E1D,269,122
PRL032024,19521391-5237-486E-B9F6-C4529F6D8E1D,269,122
PRL042024,19521391-5237-486E-B9F6-C4529F6D8E1D,269,122
PRL052024,19521391-5237-486E-B9F6-C4529F6D8E1D,269,122
PRL062024,19521391-5237-486E-B9F6-C4529F6D8E1D,269,122
PRL072024,19521391-5237-486E-B9F6-C4529F6D8E1D,269,122
PRL082024,19521391-5237-486E-B9F6-C4529F6D8E1D,269,122
PRL092024,19521391-5237-486E-B9F6-C4529F6D8E1D,269,122
PRL102024,19521391-5237-486E-B9F6-C4529F6D8E1D,280,127
PRL112024,19521391-5237-486E-B9F6-C4529F6D8E1D,280,127
PRL122024,19521391-5237-486E-B9F6-C4529F6D8E1D,280,127
PRL012025,19521391-5237-486E-B9F6-C4529F6D8E1D,280,127
PRL022025,19521391-5237-486E-B9F6-C4529F6D8E1D,280,127
PRL032025,19521391-5237-486E-B9F6-C4529F6D8E1D,280,127
PRL042025,19521391-5237-486E-B9F6-C4529F6D8E1D,280,127
PRL052025,19521391-5237-486E-B9F6-C4529F6D8E1D,280,127
PRL062025,19521391-5237-486E-B9F6-C4529F6D8E1D,280,127
PRL072025,19521391-5237-486E-B9F6-C4529F6D8E1D,280,127
PRL082025,19521391-5237-486E-B9F6-C4529F6D8E1D,280,127
PRL092025,19521391-5237-486E-B9F6-C4529F6D8E1D,280,127
PRL102025,19521391-5237-486E-B9F6-C4529F6D8E1D,299,130
PRL112025,19521391-5237-486E-B9F6-C4529F6D8E1D,299,130
PRL122025,19521391-5237-486E-B9F6-C4529F6D8E1D,299,130
PRL012026,19521391-5237-486E-B9F6-C4529F6D8E1D,299,130
PRL022026,19521391-5237-486E-B9F6-C4529F6D8E1D,299,130
PRL102024,1a055bdf-a999-4282-93e5-d40169179bca,92,92
PRL112024,1a055bdf-a999-4282-93e5-d40169179bca,92,92
PRL022026,1b0bdf2f-40a9-40d4-a35f-02034493c16b,,95
PRL022025,1b5f7d32-b4f7-4791-a919-15abcf66b09e,203,92
PRL032025,1b5f7d32-b4f7-4791-a919-15abcf66b09e,203,92
PRL042025,1b5f7d32-b4f7-4791-a919-15abcf66b09e,203,92
PRL052025,1b5f7d32-b4f7-4791-a919-15abcf66b09e,203,92
PRL062025,1b5f7d32-b4f7-4791-a919-15abcf66b09e,203,92
PRL072025,1b5f7d32-b4f7-4791-a919-15abcf66b09e,203,92
PRL082025,1b5f7d32-b4f7-4791-a919-15abcf66b09e,203,92
PRL092025,1b5f7d32-b4f7-4791-a919-15abcf66b09e,203,92
PRL102025,1b5f7d32-b4f7-4791-a919-15abcf66b09e,190,95
PRL112025,1b5f7d32-b4f7-4791-a919-15abcf66b09e,190,95
PRL122025,1b5f7d32-b4f7-4791-a919-15abcf66b09e,190,95
PRL012026,1b5f7d32-b4f7-4791-a919-15abcf66b09e,190,95
PRL022026,1b5f7d32-b4f7-4791-a919-15abcf66b09e,190,95
PRL012023,1e6628e8-f589-4eea-9c86-d73343c26d4c,,75
PRL022023,1e6628e8-f589-4eea-9c86-d73343c26d4c,,75
PRL032023,1e6628e8-f589-4eea-9c86-d73343c26d4c,,75
PRL042023,1e6628e8-f589-4eea-9c86-d73343c26d4c,,75
PRL052023,1e6628e8-f589-4eea-9c86-d73343c26d4c,,75
PRL062023,1e6628e8-f589-4eea-9c86-d73343c26d4c,,75
PRL072023,1e6628e8-f589-4eea-9c86-d73343c26d4c,,75
PRL082023,1e6628e8-f589-4eea-9c86-d73343c26d4c,,75
PRL092023,1e6628e8-f589-4eea-9c86-d73343c26d4c,,75
PRL102025,213967bc-2278-41b5-b5cb-23abf5a24f61,,95
PRL112025,213967bc-2278-41b5-b5cb-23abf5a24f61,,95
PRL122025,213967bc-2278-41b5-b5cb-23abf5a24f61,,95
PRL012026,213967bc-2278-41b5-b5cb-23abf5a24f61,,95
PRL022026,213967bc-2278-41b5-b5cb-23abf5a24f61,,95
PRL012025,24ae9885-4a9f-42b9-85c1-a053dedd5a2b,,92
PRL022025,24ae9885-4a9f-42b9-85c1-a053dedd5a2b,,92
PRL032025,24ae9885-4a9f-42b9-85c1-a053dedd5a2b,,92
PRL042025,24ae9885-4a9f-42b9-85c1-a053dedd5a2b,,92
PRL052025,24ae9885-4a9f-42b9-85c1-a053dedd5a2b,,92
PRL062025,24ae9885-4a9f-42b9-85c1-a053dedd5a2b,,92
PRL072025,24ae9885-4a9f-42b9-85c1-a053dedd5a2b,,92
PRL082025,24ae9885-4a9f-42b9-85c1-a053dedd5a2b,,92
PRL092025,24ae9885-4a9f-42b9-85c1-a053dedd5a2b,,92
PRL102025,24ae9885-4a9f-42b9-85c1-a053dedd5a2b,,95
PRL112025,24ae9885-4a9f-42b9-85c1-a053dedd5a2b,,95
PRL122025,24ae9885-4a9f-42b9-85c1-a053dedd5a2b,,95
PRL012026,24ae9885-4a9f-42b9-85c1-a053dedd5a2b,,95
PRL022026,24ae9885-4a9f-42b9-85c1-a053dedd5a2b,,95
PRL082024,264c48e0-e388-4151-b133-52c119f32280,,87
PRL092024,264c48e0-e388-4151-b133-52c119f32280,,87
PRL112025,2f50e082-4b99-45a9-8ec5-85347ceb63c4,,95
PRL122025,2f50e082-4b99-45a9-8ec5-85347ceb63c4,,95
PRL012026,2f50e082-4b99-45a9-8ec5-85347ceb63c4,,95
PRL022026,2f50e082-4b99-45a9-8ec5-85347ceb63c4,,95
PRL012023,2FF3A4BD-5868-4142-BDF6-BC3816DFD386,165,75
PRL022023,2FF3A4BD-5868-4142-BDF6-BC3816DFD386,165,75
PRL032023,2FF3A4BD-5868-4142-BDF6-BC3816DFD386,165,75
PRL042023,2FF3A4BD-5868-4142-BDF6-BC3816DFD386,165,75
PRL052023,2FF3A4BD-5868-4142-BDF6-BC3816DFD386,165,75
PRL062023,2FF3A4BD-5868-4142-BDF6-BC3816DFD386,165,75
PRL072023,2FF3A4BD-5868-4142-BDF6-BC3816DFD386,165,75
PRL082023,2FF3A4BD-5868-4142-BDF6-BC3816DFD386,165,75
PRL092023,2FF3A4BD-5868-4142-BDF6-BC3816DFD386,165,75
PRL102023,2FF3A4BD-5868-4142-BDF6-BC3816DFD386,192,87
PRL112023,2FF3A4BD-5868-4142-BDF6-BC3816DFD386,192,87
PRL122023,2FF3A4BD-5868-4142-BDF6-BC3816DFD386,192,87
PRL012024,2FF3A4BD-5868-4142-BDF6-BC3816DFD386,192,87
PRL022024,2FF3A4BD-5868-4142-BDF6-BC3816DFD386,192,87
PRL032024,2FF3A4BD-5868-4142-BDF6-BC3816DFD386,192,87
PRL062025,31032db4-00b1-42a8-a69a-a11b5ae69808,,92
PRL072025,31032db4-00b1-42a8-a69a-a11b5ae69808,,92
PRL082025,31032db4-00b1-42a8-a69a-a11b5ae69808,,92
PRL092025,31032db4-00b1-42a8-a69a-a11b5ae69808,,92
PRL022025,3358A72F-6BFC-407F-986C-20172E27D8B1,,92
PRL032025,3358A72F-6BFC-407F-986C-20172E27D8B1,,92
PRL042025,3358A72F-6BFC-407F-986C-20172E27D8B1,,92
PRL052025,3358A72F-6BFC-407F-986C-20172E27D8B1,,92
PRL062025,3358A72F-6BFC-407F-986C-20172E27D8B1,,92
PRL072025,3358A72F-6BFC-407F-986C-20172E27D8B1,,92
PRL082025,3358A72F-6BFC-407F-986C-20172E27D8B1,,92
PRL092025,3358A72F-6BFC-407F-986C-20172E27D8B1,,92
PRL012023,37626C3C-EB8E-4891-BB91-DDFE7F70759F,165,75
PRL022023,37626C3C-EB8E-4891-BB91-DDFE7F70759F,165,75
PRL032023,37626C3C-EB8E-4891-BB91-DDFE7F70759F,165,75
PRL042023,37626C3C-EB8E-4891-BB91-DDFE7F70759F,165,75
PRL052023,37626C3C-EB8E-4891-BB91-DDFE7F70759F,165,75
PRL062023,37626C3C-EB8E-4891-BB91-DDFE7F70759F,165,75
PRL072023,37626C3C-EB8E-4891-BB91-DDFE7F70759F,165,75
PRL082023,37626C3C-EB8E-4891-BB91-DDFE7F70759F,165,75
PRL092023,37626C3C-EB8E-4891-BB91-DDFE7F70759F,165,75
PRL012023,3B93819D-E8A3-4430-BB78-D29B6A132D24,75,75
PRL022023,3B93819D-E8A3-4430-BB78-D29B6A132D24,75,75
PRL032023,3B93819D-E8A3-4430-BB78-D29B6A132D24,75,75
PRL042023,3B93819D-E8A3-4430-BB78-D29B6A132D24,75,75
PRL052023,3B93819D-E8A3-4430-BB78-D29B6A132D24,75,75
PRL062023,3B93819D-E8A3-4430-BB78-D29B6A132D24,75,75
PRL072023,3B93819D-E8A3-4430-BB78-D29B6A132D24,75,75
PRL082023,3B93819D-E8A3-4430-BB78-D29B6A132D24,75,75
PRL092023,3B93819D-E8A3-4430-BB78-D29B6A132D24,75,75
PRL102023,3B93819D-E8A3-4430-BB78-D29B6A132D24,87,87
PRL112023,3B93819D-E8A3-4430-BB78-D29B6A132D24,87,87
PRL122023,3B93819D-E8A3-4430-BB78-D29B6A132D24,87,87
PRL012024,3B93819D-E8A3-4430-BB78-D29B6A132D24,87,87
PRL022024,3B93819D-E8A3-4430-BB78-D29B6A132D24,87,87
PRL032024,3B93819D-E8A3-4430-BB78-D29B6A132D24,87,87
PRL042024,3B93819D-E8A3-4430-BB78-D29B6A132D24,87,87
PRL052024,3B93819D-E8A3-4430-BB78-D29B6A132D24,87,87
PRL062024,3B93819D-E8A3-4430-BB78-D29B6A132D24,87,87
PRL072024,3B93819D-E8A3-4430-BB78-D29B6A132D24,87,87
PRL082024,3B93819D-E8A3-4430-BB78-D29B6A132D24,87,87
PRL092024,3B93819D-E8A3-4430-BB78-D29B6A132D24,87,87
PRL102024,3B93819D-E8A3-4430-BB78-D29B6A132D24,92,92
PRL112024,3B93819D-E8A3-4430-BB78-D29B6A132D24,92,92
PRL122024,3B93819D-E8A3-4430-BB78-D29B6A132D24,92,92
PRL012025,3B93819D-E8A3-4430-BB78-D29B6A132D24,92,92
PRL022025,3B93819D-E8A3-4430-BB78-D29B6A132D24,92,92
PRL032025,3B93819D-E8A3-4430-BB78-D29B6A132D24,92,92
PRL042025,3B93819D-E8A3-4430-BB78-D29B6A132D24,92,92
PRL052025,3B93819D-E8A3-4430-BB78-D29B6A132D24,92,92
PRL062025,3B93819D-E8A3-4430-BB78-D29B6A132D24,92,92
PRL072025,3B93819D-E8A3-4430-BB78-D29B6A132D24,92,92
PRL082025,3B93819D-E8A3-4430-BB78-D29B6A132D24,92,92
PRL092025,3B93819D-E8A3-4430-BB78-D29B6A132D24,92,92
PRL102025,3B93819D-E8A3-4430-BB78-D29B6A132D24,95,95
PRL112025,3B93819D-E8A3-4430-BB78-D29B6A132D24,95,95
PRL122025,3B93819D-E8A3-4430-BB78-D29B6A132D24,95,95
PRL012026,3B93819D-E8A3-4430-BB78-D29B6A132D24,95,95
PRL022026,3B93819D-E8A3-4430-BB78-D29B6A132D24,95,95
PRL102023,3c8772d6-ed17-4a44-94bd-f19d09baa79d,,87
PRL112023,3c8772d6-ed17-4a44-94bd-f19d09baa79d,,87
PRL122023,3c8772d6-ed17-4a44-94bd-f19d09baa79d,,87
PRL012024,3c8772d6-ed17-4a44-94bd-f19d09baa79d,,87
PRL022024,3c8772d6-ed17-4a44-94bd-f19d09baa79d,,87
PRL032024,3c8772d6-ed17-4a44-94bd-f19d09baa79d,,87
PRL042024,3c8772d6-ed17-4a44-94bd-f19d09baa79d,,87
PRL052024,3c8772d6-ed17-4a44-94bd-f19d09baa79d,,87
PRL062024,3c8772d6-ed17-4a44-94bd-f19d09baa79d,,87
PRL072024,3c8772d6-ed17-4a44-94bd-f19d09baa79d,,87
PRL082024,3c8772d6-ed17-4a44-94bd-f19d09baa79d,,87
PRL092024,3c8772d6-ed17-4a44-94bd-f19d09baa79d,,87
PRL102024,3c8772d6-ed17-4a44-94bd-f19d09baa79d,,92
PRL112024,3c8772d6-ed17-4a44-94bd-f19d09baa79d,,92
PRL122024,3c8772d6-ed17-4a44-94bd-f19d09baa79d,,92
PRL012025,3c8772d6-ed17-4a44-94bd-f19d09baa79d,,92
PRL022025,3c8772d6-ed17-4a44-94bd-f19d09baa79d,,92
PRL032025,3c8772d6-ed17-4a44-94bd-f19d09baa79d,,92
PRL042025,3c8772d6-ed17-4a44-94bd-f19d09baa79d,,92
PRL052025,3c8772d6-ed17-4a44-94bd-f19d09baa79d,,92
PRL062025,3c8772d6-ed17-4a44-94bd-f19d09baa79d,,92
PRL072025,3c8772d6-ed17-4a44-94bd-f19d09baa79d,,92
PRL082025,3c8772d6-ed17-4a44-94bd-f19d09baa79d,,92
PRL092025,3c8772d6-ed17-4a44-94bd-f19d09baa79d,,92
PRL102025,3c8772d6-ed17-4a44-94bd-f19d09baa79d,,95
PRL112025,3c8772d6-ed17-4a44-94bd-f19d09baa79d,,95
PRL122025,3c8772d6-ed17-4a44-94bd-f19d09baa79d,,95
PRL012026,3c8772d6-ed17-4a44-94bd-f19d09baa79d,,95
PRL022026,3c8772d6-ed17-4a44-94bd-f19d09baa79d,,95
PRL102025,3d67e166-bcab-404e-af40-baa50d123c31,,95
PRL112025,3d67e166-bcab-404e-af40-baa50d123c31,,95
PRL122025,3d67e166-bcab-404e-af40-baa50d123c31,,95
PRL012026,3d67e166-bcab-404e-af40-baa50d123c31,,95
PRL022026,3d67e166-bcab-404e-af40-baa50d123c31,,95
PRL012023,401318CA-BF39-49C3-9BDC-73836A8F9774,,75
PRL022023,401318CA-BF39-49C3-9BDC-73836A8F9774,,75
PRL032023,401318CA-BF39-49C3-9BDC-73836A8F9774,,75
PRL042023,401318CA-BF39-49C3-9BDC-73836A8F9774,,75
PRL052023,401318CA-BF39-49C3-9BDC-73836A8F9774,,75
PRL062023,401318CA-BF39-49C3-9BDC-73836A8F9774,,75
PRL072023,401318CA-BF39-49C3-9BDC-73836A8F9774,,75
PRL082023,401318CA-BF39-49C3-9BDC-73836A8F9774,,75
PRL092023,401318CA-BF39-49C3-9BDC-73836A8F9774,,75
PRL102023,401318CA-BF39-49C3-9BDC-73836A8F9774,,87
PRL112023,401318CA-BF39-49C3-9BDC-73836A8F9774,,87
PRL122023,401318CA-BF39-49C3-9BDC-73836A8F9774,,87
PRL012024,401318CA-BF39-49C3-9BDC-73836A8F9774,,87
PRL022024,401318CA-BF39-49C3-9BDC-73836A8F9774,,87
PRL032024,401318CA-BF39-49C3-9BDC-73836A8F9774,,87
PRL042024,401318CA-BF39-49C3-9BDC-73836A8F9774,,87
PRL052024,401318CA-BF39-49C3-9BDC-73836A8F9774,,87
PRL062024,401318CA-BF39-49C3-9BDC-73836A8F9774,,87
PRL072024,401318CA-BF39-49C3-9BDC-73836A8F9774,,87
PRL082024,401318CA-BF39-49C3-9BDC-73836A8F9774,,87
PRL092024,401318CA-BF39-49C3-9BDC-73836A8F9774,,87
PRL102024,401318CA-BF39-49C3-9BDC-73836A8F9774,35,92
PRL112024,401318CA-BF39-49C3-9BDC-73836A8F9774,35,92
PRL122024,401318CA-BF39-49C3-9BDC-73836A8F9774,35,92
PRL012025,401318CA-BF39-49C3-9BDC-73836A8F9774,35,92
PRL022025,401318CA-BF39-49C3-9BDC-73836A8F9774,35,92
PRL032025,401318CA-BF39-49C3-9BDC-73836A8F9774,35,92
PRL042025,401318CA-BF39-49C3-9BDC-73836A8F9774,35,92
PRL052025,401318CA-BF39-49C3-9BDC-73836A8F9774,35,92
PRL062025,401318CA-BF39-49C3-9BDC-73836A8F9774,35,92
PRL072025,401318CA-BF39-49C3-9BDC-73836A8F9774,35,92
PRL082025,401318CA-BF39-49C3-9BDC-73836A8F9774,35,92
PRL092025,401318CA-BF39-49C3-9BDC-73836A8F9774,35,92
PRL102025,401318CA-BF39-49C3-9BDC-73836A8F9774,39,95
PRL112025,401318CA-BF39-49C3-9BDC-73836A8F9774,39,95
PRL122025,401318CA-BF39-49C3-9BDC-73836A8F9774,39,95
PRL012026,401318CA-BF39-49C3-9BDC-73836A8F9774,39,95
PRL022026,401318CA-BF39-49C3-9BDC-73836A8F9774,39,95
PRL012023,43CE8AB0-AF16-4D2F-BBEC-8DE2C7E3A31F,165,75
PRL022023,43CE8AB0-AF16-4D2F-BBEC-8DE2C7E3A31F,165,75
PRL032023,43CE8AB0-AF16-4D2F-BBEC-8DE2C7E3A31F,165,75
PRL042023,43CE8AB0-AF16-4D2F-BBEC-8DE2C7E3A31F,165,75
PRL052023,43CE8AB0-AF16-4D2F-BBEC-8DE2C7E3A31F,165,75
PRL062023,43CE8AB0-AF16-4D2F-BBEC-8DE2C7E3A31F,165,75
PRL072023,43CE8AB0-AF16-4D2F-BBEC-8DE2C7E3A31F,165,75
PRL082023,43CE8AB0-AF16-4D2F-BBEC-8DE2C7E3A31F,165,75
PRL092023,43CE8AB0-AF16-4D2F-BBEC-8DE2C7E3A31F,165,75
PRL102023,43CE8AB0-AF16-4D2F-BBEC-8DE2C7E3A31F,192,87
PRL112023,43CE8AB0-AF16-4D2F-BBEC-8DE2C7E3A31F,192,87
PRL122023,43CE8AB0-AF16-4D2F-BBEC-8DE2C7E3A31F,192,87
PRL012024,43CE8AB0-AF16-4D2F-BBEC-8DE2C7E3A31F,192,87
PRL022024,43CE8AB0-AF16-4D2F-BBEC-8DE2C7E3A31F,192,87
PRL032024,43CE8AB0-AF16-4D2F-BBEC-8DE2C7E3A31F,192,87
PRL042024,43CE8AB0-AF16-4D2F-BBEC-8DE2C7E3A31F,192,87
PRL052024,43CE8AB0-AF16-4D2F-BBEC-8DE2C7E3A31F,192,87
PRL062024,43CE8AB0-AF16-4D2F-BBEC-8DE2C7E3A31F,192,87
PRL072024,43CE8AB0-AF16-4D2F-BBEC-8DE2C7E3A31F,192,87
PRL082024,43CE8AB0-AF16-4D2F-BBEC-8DE2C7E3A31F,192,87
PRL092024,43CE8AB0-AF16-4D2F-BBEC-8DE2C7E3A31F,192,87
PRL102024,43CE8AB0-AF16-4D2F-BBEC-8DE2C7E3A31F,203,92
PRL112024,43CE8AB0-AF16-4D2F-BBEC-8DE2C7E3A31F,203,92
PRL122024,43CE8AB0-AF16-4D2F-BBEC-8DE2C7E3A31F,203,92
PRL012025,43CE8AB0-AF16-4D2F-BBEC-8DE2C7E3A31F,203,92
PRL022025,43CE8AB0-AF16-4D2F-BBEC-8DE2C7E3A31F,203,92
PRL032025,43CE8AB0-AF16-4D2F-BBEC-8DE2C7E3A31F,203,92
PRL042025,43CE8AB0-AF16-4D2F-BBEC-8DE2C7E3A31F,203,92
PRL052025,43CE8AB0-AF16-4D2F-BBEC-8DE2C7E3A31F,203,92
PRL062025,43CE8AB0-AF16-4D2F-BBEC-8DE2C7E3A31F,203,92
PRL072025,43CE8AB0-AF16-4D2F-BBEC-8DE2C7E3A31F,203,92
PRL082025,43CE8AB0-AF16-4D2F-BBEC-8DE2C7E3A31F,203,92
PRL092025,43CE8AB0-AF16-4D2F-BBEC-8DE2C7E3A31F,203,92
PRL102025,43CE8AB0-AF16-4D2F-BBEC-8DE2C7E3A31F,209,95
PRL112025,43CE8AB0-AF16-4D2F-BBEC-8DE2C7E3A31F,209,95
PRL122025,43CE8AB0-AF16-4D2F-BBEC-8DE2C7E3A31F,209,95
PRL012026,43CE8AB0-AF16-4D2F-BBEC-8DE2C7E3A31F,209,95
PRL022026,43CE8AB0-AF16-4D2F-BBEC-8DE2C7E3A31F,209,95
PRL102025,4436b199-616d-40ac-a8cc-728556e7d36b,,95
PRL112025,4436b199-616d-40ac-a8cc-728556e7d36b,,95
PRL122025,4436b199-616d-40ac-a8cc-728556e7d36b,,95
PRL012026,4436b199-616d-40ac-a8cc-728556e7d36b,,95
PRL022026,4436b199-616d-40ac-a8cc-728556e7d36b,,95
PRL062023,450fd54a-fb2d-4593-9f15-1e59e4d2aef1,,56.71
PRL072023,450fd54a-fb2d-4593-9f15-1e59e4d2aef1,,75
PRL082023,450fd54a-fb2d-4593-9f15-1e59e4d2aef1,,75
PRL092023,450fd54a-fb2d-4593-9f15-1e59e4d2aef1,,75
PRL102023,450fd54a-fb2d-4593-9f15-1e59e4d2aef1,,87
PRL112023,450fd54a-fb2d-4593-9f15-1e59e4d2aef1,,87
PRL122023,450fd54a-fb2d-4593-9f15-1e59e4d2aef1,,87
PRL012024,450fd54a-fb2d-4593-9f15-1e59e4d2aef1,,87
PRL022024,450fd54a-fb2d-4593-9f15-1e59e4d2aef1,,87
PRL032024,450fd54a-fb2d-4593-9f15-1e59e4d2aef1,,87
PRL012023,482FCFEB-E52F-4EC0-98A2-148A6528FFC5,75,75
PRL022023,482FCFEB-E52F-4EC0-98A2-148A6528FFC5,75,75
PRL032023,482FCFEB-E52F-4EC0-98A2-148A6528FFC5,75,75
PRL042023,482FCFEB-E52F-4EC0-98A2-148A6528FFC5,75,75
PRL052023,482FCFEB-E52F-4EC0-98A2-148A6528FFC5,75,75
PRL062023,482FCFEB-E52F-4EC0-98A2-148A6528FFC5,75,75
PRL072023,482FCFEB-E52F-4EC0-98A2-148A6528FFC5,75,75
PRL082023,482FCFEB-E52F-4EC0-98A2-148A6528FFC5,,150
PRL092023,482FCFEB-E52F-4EC0-98A2-148A6528FFC5,,150
PRL012023,489f2ee4-9c4d-4909-8b54-37d86935386e,75,75
PRL022023,489f2ee4-9c4d-4909-8b54-37d86935386e,75,75
PRL032023,489f2ee4-9c4d-4909-8b54-37d86935386e,75,75
PRL042023,489f2ee4-9c4d-4909-8b54-37d86935386e,75,75
PRL052023,489f2ee4-9c4d-4909-8b54-37d86935386e,75,75
PRL062023,489f2ee4-9c4d-4909-8b54-37d86935386e,75,75
PRL072023,489f2ee4-9c4d-4909-8b54-37d86935386e,75,75
PRL082023,489f2ee4-9c4d-4909-8b54-37d86935386e,75,75
PRL092023,489f2ee4-9c4d-4909-8b54-37d86935386e,75,75
PRL102023,489f2ee4-9c4d-4909-8b54-37d86935386e,87,87
PRL112023,489f2ee4-9c4d-4909-8b54-37d86935386e,87,87
PRL122023,489f2ee4-9c4d-4909-8b54-37d86935386e,87,87
PRL012024,489f2ee4-9c4d-4909-8b54-37d86935386e,87,87
PRL022024,489f2ee4-9c4d-4909-8b54-37d86935386e,87,87
PRL032024,489f2ee4-9c4d-4909-8b54-37d86935386e,87,87
PRL042024,489f2ee4-9c4d-4909-8b54-37d86935386e,87,87
PRL052024,489f2ee4-9c4d-4909-8b54-37d86935386e,87,87
PRL062024,489f2ee4-9c4d-4909-8b54-37d86935386e,87,87
PRL072024,489f2ee4-9c4d-4909-8b54-37d86935386e,87,87
PRL082024,489f2ee4-9c4d-4909-8b54-37d86935386e,87,87
PRL092024,489f2ee4-9c4d-4909-8b54-37d86935386e,87,87
PRL102024,489f2ee4-9c4d-4909-8b54-37d86935386e,92,92
PRL112024,489f2ee4-9c4d-4909-8b54-37d86935386e,92,92
PRL122024,489f2ee4-9c4d-4909-8b54-37d86935386e,92,92
PRL012025,489f2ee4-9c4d-4909-8b54-37d86935386e,92,92
PRL022025,489f2ee4-9c4d-4909-8b54-37d86935386e,92,92
PRL032025,489f2ee4-9c4d-4909-8b54-37d86935386e,92,92
PRL042025,489f2ee4-9c4d-4909-8b54-37d86935386e,92,92
PRL052025,489f2ee4-9c4d-4909-8b54-37d86935386e,92,92
PRL062025,489f2ee4-9c4d-4909-8b54-37d86935386e,92,92
PRL072025,489f2ee4-9c4d-4909-8b54-37d86935386e,92,92
PRL082025,489f2ee4-9c4d-4909-8b54-37d86935386e,92,92
PRL092025,489f2ee4-9c4d-4909-8b54-37d86935386e,92,92
PRL102025,489f2ee4-9c4d-4909-8b54-37d86935386e,95,95
PRL112025,489f2ee4-9c4d-4909-8b54-37d86935386e,95,95
PRL122025,489f2ee4-9c4d-4909-8b54-37d86935386e,95,95
PRL012026,489f2ee4-9c4d-4909-8b54-37d86935386e,95,95
PRL022026,489f2ee4-9c4d-4909-8b54-37d86935386e,95,95
PRL092023,4c25a3b7-d112-4c46-aa9a-b2513a44f1b7,,75
PRL102023,4c25a3b7-d112-4c46-aa9a-b2513a44f1b7,192,87
PRL112023,4c25a3b7-d112-4c46-aa9a-b2513a44f1b7,192,87
PRL122023,4c25a3b7-d112-4c46-aa9a-b2513a44f1b7,192,87
PRL012024,4c25a3b7-d112-4c46-aa9a-b2513a44f1b7,192,87
PRL022024,4c25a3b7-d112-4c46-aa9a-b2513a44f1b7,192,87
PRL032024,4c25a3b7-d112-4c46-aa9a-b2513a44f1b7,192,87
PRL042024,4c25a3b7-d112-4c46-aa9a-b2513a44f1b7,192,87
PRL052024,4c25a3b7-d112-4c46-aa9a-b2513a44f1b7,192,87
PRL062024,4c25a3b7-d112-4c46-aa9a-b2513a44f1b7,192,87
PRL072024,4c25a3b7-d112-4c46-aa9a-b2513a44f1b7,192,87
PRL082024,4c25a3b7-d112-4c46-aa9a-b2513a44f1b7,192,87
PRL092024,4c25a3b7-d112-4c46-aa9a-b2513a44f1b7,192,87
PRL102024,4c25a3b7-d112-4c46-aa9a-b2513a44f1b7,203,92
PRL112024,4c25a3b7-d112-4c46-aa9a-b2513a44f1b7,203,92
PRL122024,4c25a3b7-d112-4c46-aa9a-b2513a44f1b7,203,92
PRL012025,4c25a3b7-d112-4c46-aa9a-b2513a44f1b7,203,92
PRL022025,4c25a3b7-d112-4c46-aa9a-b2513a44f1b7,203,92
PRL032025,4c25a3b7-d112-4c46-aa9a-b2513a44f1b7,203,92
PRL042025,4c25a3b7-d112-4c46-aa9a-b2513a44f1b7,203,92
PRL052025,4c25a3b7-d112-4c46-aa9a-b2513a44f1b7,203,92
PRL062025,4c25a3b7-d112-4c46-aa9a-b2513a44f1b7,203,92
PRL072025,4c25a3b7-d112-4c46-aa9a-b2513a44f1b7,203,92
PRL082025,4c25a3b7-d112-4c46-aa9a-b2513a44f1b7,203,92
PRL092025,4c25a3b7-d112-4c46-aa9a-b2513a44f1b7,203,92
PRL102025,4c25a3b7-d112-4c46-aa9a-b2513a44f1b7,209,95
PRL112025,4c25a3b7-d112-4c46-aa9a-b2513a44f1b7,209,95
PRL122025,4c25a3b7-d112-4c46-aa9a-b2513a44f1b7,209,95
PRL012026,4c25a3b7-d112-4c46-aa9a-b2513a44f1b7,209,95
PRL022026,4c25a3b7-d112-4c46-aa9a-b2513a44f1b7,209,95
PRL052023,4e269043-dda6-40ba-af1d-bc69ff12ef7f,,75
PRL062023,4e269043-dda6-40ba-af1d-bc69ff12ef7f,,75
PRL072023,4e269043-dda6-40ba-af1d-bc69ff12ef7f,,75
PRL082023,4e269043-dda6-40ba-af1d-bc69ff12ef7f,,75
PRL092023,4e269043-dda6-40ba-af1d-bc69ff12ef7f,,75
PRL102023,4e269043-dda6-40ba-af1d-bc69ff12ef7f,,87
PRL112023,4e269043-dda6-40ba-af1d-bc69ff12ef7f,,87
PRL122023,4e269043-dda6-40ba-af1d-bc69ff12ef7f,,87
PRL012024,4e269043-dda6-40ba-af1d-bc69ff12ef7f,,87
PRL022024,4e269043-dda6-40ba-af1d-bc69ff12ef7f,,87
PRL032024,4e269043-dda6-40ba-af1d-bc69ff12ef7f,,87
PRL042024,4e269043-dda6-40ba-af1d-bc69ff12ef7f,,87
PRL052024,4e269043-dda6-40ba-af1d-bc69ff12ef7f,,87
PRL062024,4e269043-dda6-40ba-af1d-bc69ff12ef7f,,87
PRL072024,4e269043-dda6-40ba-af1d-bc69ff12ef7f,,87
PRL082024,4e269043-dda6-40ba-af1d-bc69ff12ef7f,,87
PRL092024,4e269043-dda6-40ba-af1d-bc69ff12ef7f,,87
PRL102024,4e269043-dda6-40ba-af1d-bc69ff12ef7f,,92
PRL112024,4e269043-dda6-40ba-af1d-bc69ff12ef7f,,92
PRL122024,4e269043-dda6-40ba-af1d-bc69ff12ef7f,,92
PRL012025,4e269043-dda6-40ba-af1d-bc69ff12ef7f,,92
PRL022025,4e269043-dda6-40ba-af1d-bc69ff12ef7f,,92
PRL032025,4e269043-dda6-40ba-af1d-bc69ff12ef7f,,92
PRL042025,4e269043-dda6-40ba-af1d-bc69ff12ef7f,,92
PRL052025,4e269043-dda6-40ba-af1d-bc69ff12ef7f,,92
PRL062025,4e269043-dda6-40ba-af1d-bc69ff12ef7f,,92
PRL072025,4e269043-dda6-40ba-af1d-bc69ff12ef7f,,92
PRL082025,4e269043-dda6-40ba-af1d-bc69ff12ef7f,,92
PRL092025,4e269043-dda6-40ba-af1d-bc69ff12ef7f,,92
PRL102025,4e269043-dda6-40ba-af1d-bc69ff12ef7f,,95
PRL112025,4e269043-dda6-40ba-af1d-bc69ff12ef7f,,95
PRL122025,4e269043-dda6-40ba-af1d-bc69ff12ef7f,,95
PRL012026,4e269043-dda6-40ba-af1d-bc69ff12ef7f,,95
PRL022026,4e269043-dda6-40ba-af1d-bc69ff12ef7f,,95
PRL112025,4ebebc08-623c-4d6f-9ca0-941af04d308d,,95
PRL122025,4ebebc08-623c-4d6f-9ca0-941af04d308d,,95
PRL012026,4ebebc08-623c-4d6f-9ca0-941af04d308d,,95
PRL022026,4ebebc08-623c-4d6f-9ca0-941af04d308d,,95
PRL022026,500d717f-e9f4-4f90-9c02-fae0e40f456e,,95
PRL112025,55b22874-efdd-4b64-820b-84b65b299a1d,,95
PRL122025,55b22874-efdd-4b64-820b-84b65b299a1d,,95
PRL012026,55b22874-efdd-4b64-820b-84b65b299a1d,,95
PRL022026,55b22874-efdd-4b64-820b-84b65b299a1d,,95
PRL052023,59649006-cc6e-4c09-a5d1-26b519bd696f,,75
PRL062023,59649006-cc6e-4c09-a5d1-26b519bd696f,,75
PRL072023,59649006-cc6e-4c09-a5d1-26b519bd696f,,75
PRL082023,59649006-cc6e-4c09-a5d1-26b519bd696f,,75
PRL092023,59649006-cc6e-4c09-a5d1-26b519bd696f,,75
PRL102023,59649006-cc6e-4c09-a5d1-26b519bd696f,,87
PRL112023,59649006-cc6e-4c09-a5d1-26b519bd696f,,87
PRL122023,59649006-cc6e-4c09-a5d1-26b519bd696f,,87
PRL012024,59649006-cc6e-4c09-a5d1-26b519bd696f,,87
PRL022024,59649006-cc6e-4c09-a5d1-26b519bd696f,,87
PRL032024,59649006-cc6e-4c09-a5d1-26b519bd696f,,87
PRL042024,59649006-cc6e-4c09-a5d1-26b519bd696f,,87
PRL012023,5BEEA027-BF57-4C93-AABC-21FD42F223A5,75,75
PRL022023,5BEEA027-BF57-4C93-AABC-21FD42F223A5,75,75
PRL032023,5BEEA027-BF57-4C93-AABC-21FD42F223A5,75,75
PRL042023,5BEEA027-BF57-4C93-AABC-21FD42F223A5,75,75
PRL052023,5BEEA027-BF57-4C93-AABC-21FD42F223A5,75,75
PRL062023,5BEEA027-BF57-4C93-AABC-21FD42F223A5,75,75
PRL072023,5BEEA027-BF57-4C93-AABC-21FD42F223A5,75,75
PRL082023,5BEEA027-BF57-4C93-AABC-21FD42F223A5,75,75
PRL092023,5BEEA027-BF57-4C93-AABC-21FD42F223A5,75,75
PRL102023,5BEEA027-BF57-4C93-AABC-21FD42F223A5,87,87
PRL112023,5BEEA027-BF57-4C93-AABC-21FD42F223A5,87,87
PRL122023,5BEEA027-BF57-4C93-AABC-21FD42F223A5,87,87
PRL012024,5BEEA027-BF57-4C93-AABC-21FD42F223A5,87,87
PRL022024,5BEEA027-BF57-4C93-AABC-21FD42F223A5,87,87
PRL032024,5BEEA027-BF57-4C93-AABC-21FD42F223A5,87,87
PRL042024,5BEEA027-BF57-4C93-AABC-21FD42F223A5,87,87
PRL052024,5BEEA027-BF57-4C93-AABC-21FD42F223A5,87,87
PRL062024,5BEEA027-BF57-4C93-AABC-21FD42F223A5,87,87
PRL072024,5BEEA027-BF57-4C93-AABC-21FD42F223A5,87,87
PRL082024,5BEEA027-BF57-4C93-AABC-21FD42F223A5,87,87
PRL092024,5BEEA027-BF57-4C93-AABC-21FD42F223A5,87,87
PRL102024,5BEEA027-BF57-4C93-AABC-21FD42F223A5,92,92
PRL112024,5BEEA027-BF57-4C93-AABC-21FD42F223A5,92,92
PRL122024,5BEEA027-BF57-4C93-AABC-21FD42F223A5,92,92
PRL012025,5BEEA027-BF57-4C93-AABC-21FD42F223A5,92,92
PRL022025,5BEEA027-BF57-4C93-AABC-21FD42F223A5,92,92
PRL032025,5BEEA027-BF57-4C93-AABC-21FD42F223A5,92,92
PRL042025,5BEEA027-BF57-4C93-AABC-21FD42F223A5,92,92
PRL052025,5BEEA027-BF57-4C93-AABC-21FD42F223A5,92,92
PRL062025,5BEEA027-BF57-4C93-AABC-21FD42F223A5,92,92
PRL072025,5BEEA027-BF57-4C93-AABC-21FD42F223A5,92,92
PRL082025,5BEEA027-BF57-4C93-AABC-21FD42F223A5,92,92
PRL092025,5BEEA027-BF57-4C93-AABC-21FD42F223A5,92,92
PRL102025,5BEEA027-BF57-4C93-AABC-21FD42F223A5,95,95
PRL112025,5BEEA027-BF57-4C93-AABC-21FD42F223A5,95,95
PRL122025,5BEEA027-BF57-4C93-AABC-21FD42F223A5,95,95
PRL012026,5BEEA027-BF57-4C93-AABC-21FD42F223A5,95,95
PRL022026,5BEEA027-BF57-4C93-AABC-21FD42F223A5,95,95
PRL072023,5CD6A71A-39EA-4BFA-A786-C5163A91043C,,75
PRL082023,5CD6A71A-39EA-4BFA-A786-C5163A91043C,,75
PRL092023,5CD6A71A-39EA-4BFA-A786-C5163A91043C,,75
PRL102023,5CD6A71A-39EA-4BFA-A786-C5163A91043C,,87
PRL112023,5CD6A71A-39EA-4BFA-A786-C5163A91043C,,87
PRL122023,5CD6A71A-39EA-4BFA-A786-C5163A91043C,,87
PRL012024,5CD6A71A-39EA-4BFA-A786-C5163A91043C,,87
PRL022024,5CD6A71A-39EA-4BFA-A786-C5163A91043C,,87
PRL032024,5CD6A71A-39EA-4BFA-A786-C5163A91043C,,87
PRL042024,5CD6A71A-39EA-4BFA-A786-C5163A91043C,,87
PRL052024,5CD6A71A-39EA-4BFA-A786-C5163A91043C,,87
PRL062024,5CD6A71A-39EA-4BFA-A786-C5163A91043C,,87
PRL072024,5CD6A71A-39EA-4BFA-A786-C5163A91043C,,87
PRL082024,5CD6A71A-39EA-4BFA-A786-C5163A91043C,,87
PRL092024,5CD6A71A-39EA-4BFA-A786-C5163A91043C,,87
PRL102024,5CD6A71A-39EA-4BFA-A786-C5163A91043C,,92
PRL112024,5CD6A71A-39EA-4BFA-A786-C5163A91043C,,92
PRL122024,5CD6A71A-39EA-4BFA-A786-C5163A91043C,,92
PRL012025,5CD6A71A-39EA-4BFA-A786-C5163A91043C,,92
PRL022025,5CD6A71A-39EA-4BFA-A786-C5163A91043C,,92
PRL032025,5CD6A71A-39EA-4BFA-A786-C5163A91043C,,92
PRL042025,5CD6A71A-39EA-4BFA-A786-C5163A91043C,,92
PRL052025,5CD6A71A-39EA-4BFA-A786-C5163A91043C,,92
PRL062025,5CD6A71A-39EA-4BFA-A786-C5163A91043C,,92
PRL072025,5CD6A71A-39EA-4BFA-A786-C5163A91043C,,92
PRL082025,5CD6A71A-39EA-4BFA-A786-C5163A91043C,,92
PRL092025,5CD6A71A-39EA-4BFA-A786-C5163A91043C,,92
PRL102025,5CD6A71A-39EA-4BFA-A786-C5163A91043C,,95
PRL112025,5CD6A71A-39EA-4BFA-A786-C5163A91043C,,95
PRL122025,5CD6A71A-39EA-4BFA-A786-C5163A91043C,,95
PRL012026,5CD6A71A-39EA-4BFA-A786-C5163A91043C,,95
PRL022026,5CD6A71A-39EA-4BFA-A786-C5163A91043C,,95
PRL012023,60CE351B-2645-4B02-A392-E87AB130825D,,75
PRL022023,60CE351B-2645-4B02-A392-E87AB130825D,,75
PRL032023,60CE351B-2645-4B02-A392-E87AB130825D,,75
PRL042023,60CE351B-2645-4B02-A392-E87AB130825D,,75
PRL052023,60CE351B-2645-4B02-A392-E87AB130825D,,75
PRL062023,60CE351B-2645-4B02-A392-E87AB130825D,,75
PRL072023,60CE351B-2645-4B02-A392-E87AB130825D,,75
PRL082023,60CE351B-2645-4B02-A392-E87AB130825D,,75
PRL092023,60CE351B-2645-4B02-A392-E87AB130825D,,75
PRL102024,60CE351B-2645-4B02-A392-E87AB130825D,,92
PRL112024,60CE351B-2645-4B02-A392-E87AB130825D,,92
PRL122024,60CE351B-2645-4B02-A392-E87AB130825D,,92
PRL012025,60CE351B-2645-4B02-A392-E87AB130825D,,92
PRL022025,60CE351B-2645-4B02-A392-E87AB130825D,,92
PRL032025,60CE351B-2645-4B02-A392-E87AB130825D,,92
PRL042025,60CE351B-2645-4B02-A392-E87AB130825D,,92
PRL052025,60CE351B-2645-4B02-A392-E87AB130825D,,92
PRL062025,60CE351B-2645-4B02-A392-E87AB130825D,,92
PRL072025,60CE351B-2645-4B02-A392-E87AB130825D,,92
PRL082025,60CE351B-2645-4B02-A392-E87AB130825D,,92
PRL092025,60CE351B-2645-4B02-A392-E87AB130825D,,92
PRL102025,60CE351B-2645-4B02-A392-E87AB130825D,,95
PRL112025,60CE351B-2645-4B02-A392-E87AB130825D,,95
PRL122025,60CE351B-2645-4B02-A392-E87AB130825D,,95
PRL012026,60CE351B-2645-4B02-A392-E87AB130825D,,95
PRL022026,60CE351B-2645-4B02-A392-E87AB130825D,,95
PRL012023,6187C79D-6113-4785-87EA-928B9F26F591,75,75
PRL022023,6187C79D-6113-4785-87EA-928B9F26F591,75,75
PRL032023,6187C79D-6113-4785-87EA-928B9F26F591,75,75
PRL042023,6187C79D-6113-4785-87EA-928B9F26F591,75,75
PRL052023,6187C79D-6113-4785-87EA-928B9F26F591,75,75
PRL062023,6187C79D-6113-4785-87EA-928B9F26F591,75,75
PRL072023,6187C79D-6113-4785-87EA-928B9F26F591,75,75
PRL082023,6187C79D-6113-4785-87EA-928B9F26F591,75,75
PRL092023,6187C79D-6113-4785-87EA-928B9F26F591,75,75
PRL102023,6187C79D-6113-4785-87EA-928B9F26F591,87,87
PRL112023,6187C79D-6113-4785-87EA-928B9F26F591,87,87
PRL122023,6187C79D-6113-4785-87EA-928B9F26F591,87,87
PRL012024,6187C79D-6113-4785-87EA-928B9F26F591,87,87
PRL022024,6187C79D-6113-4785-87EA-928B9F26F591,87,87
PRL032024,6187C79D-6113-4785-87EA-928B9F26F591,87,87
PRL042024,6187C79D-6113-4785-87EA-928B9F26F591,87,87
PRL052024,6187C79D-6113-4785-87EA-928B9F26F591,87,87
PRL062024,6187C79D-6113-4785-87EA-928B9F26F591,87,87
PRL072024,6187C79D-6113-4785-87EA-928B9F26F591,87,87
PRL082024,6187C79D-6113-4785-87EA-928B9F26F591,87,87
PRL092024,6187C79D-6113-4785-87EA-928B9F26F591,87,87
PRL102024,6187C79D-6113-4785-87EA-928B9F26F591,92,92
PRL112024,6187C79D-6113-4785-87EA-928B9F26F591,92,92
PRL122024,6187C79D-6113-4785-87EA-928B9F26F591,92,92
PRL012025,6187C79D-6113-4785-87EA-928B9F26F591,92,92
PRL022025,6187C79D-6113-4785-87EA-928B9F26F591,92,92
PRL032025,6187C79D-6113-4785-87EA-928B9F26F591,92,92
PRL042025,6187C79D-6113-4785-87EA-928B9F26F591,92,92
PRL052025,6187C79D-6113-4785-87EA-928B9F26F591,92,92
PRL062025,6187C79D-6113-4785-87EA-928B9F26F591,92,92
PRL072025,6187C79D-6113-4785-87EA-928B9F26F591,92,92
PRL082025,6187C79D-6113-4785-87EA-928B9F26F591,92,92
PRL092025,6187C79D-6113-4785-87EA-928B9F26F591,92,92
PRL102025,6187C79D-6113-4785-87EA-928B9F26F591,95,95
PRL112025,6187C79D-6113-4785-87EA-928B9F26F591,95,95
PRL122025,6187C79D-6113-4785-87EA-928B9F26F591,95,95
PRL012026,6187C79D-6113-4785-87EA-928B9F26F591,95,95
PRL022026,6187C79D-6113-4785-87EA-928B9F26F591,95,95
PRL112025,69ad19f4-4fc9-408d-9d3e-bbd2dbfce8ca,,95
PRL122025,69ad19f4-4fc9-408d-9d3e-bbd2dbfce8ca,,95
PRL012026,69ad19f4-4fc9-408d-9d3e-bbd2dbfce8ca,,95
PRL022026,69ad19f4-4fc9-408d-9d3e-bbd2dbfce8ca,,95
PRL102025,6d685bc0-ac9d-40a8-bd39-c3df8f5dea9e,,95
PRL112025,6d685bc0-ac9d-40a8-bd39-c3df8f5dea9e,,95
PRL122025,6d685bc0-ac9d-40a8-bd39-c3df8f5dea9e,,95
PRL012026,6d685bc0-ac9d-40a8-bd39-c3df8f5dea9e,,95
PRL022026,6d685bc0-ac9d-40a8-bd39-c3df8f5dea9e,,95
PRL072025,6E282403-3071-48BA-849F-C1EBF0F013F0,92,92
PRL082025,6E282403-3071-48BA-849F-C1EBF0F013F0,92,92
PRL092025,6E282403-3071-48BA-849F-C1EBF0F013F0,92,92
PRL102025,6E282403-3071-48BA-849F-C1EBF0F013F0,95,95
PRL112025,6E282403-3071-48BA-849F-C1EBF0F013F0,95,95
PRL122025,6E282403-3071-48BA-849F-C1EBF0F013F0,95,95
PRL012026,6E282403-3071-48BA-849F-C1EBF0F013F0,95,95
PRL022026,6E282403-3071-48BA-849F-C1EBF0F013F0,95,95
PRL062024,7126C8EF-1C57-476B-AB3A-E09DAE0E37D3,,87
PRL072024,7126C8EF-1C57-476B-AB3A-E09DAE0E37D3,,87
PRL082024,7126C8EF-1C57-476B-AB3A-E09DAE0E37D3,,87
PRL092024,7126C8EF-1C57-476B-AB3A-E09DAE0E37D3,,87
PRL102024,7126C8EF-1C57-476B-AB3A-E09DAE0E37D3,,92
PRL112024,7126C8EF-1C57-476B-AB3A-E09DAE0E37D3,,92
PRL122024,7126C8EF-1C57-476B-AB3A-E09DAE0E37D3,,92
PRL012025,7126C8EF-1C57-476B-AB3A-E09DAE0E37D3,,92
PRL022025,7126C8EF-1C57-476B-AB3A-E09DAE0E37D3,,92
PRL032025,7126C8EF-1C57-476B-AB3A-E09DAE0E37D3,,92
PRL042025,7126C8EF-1C57-476B-AB3A-E09DAE0E37D3,,92
PRL052025,7126C8EF-1C57-476B-AB3A-E09DAE0E37D3,,92
PRL062025,7126C8EF-1C57-476B-AB3A-E09DAE0E37D3,,92
PRL072025,7126C8EF-1C57-476B-AB3A-E09DAE0E37D3,,92
PRL082025,7126C8EF-1C57-476B-AB3A-E09DAE0E37D3,,92
PRL092025,7126C8EF-1C57-476B-AB3A-E09DAE0E37D3,,92
PRL102025,7126C8EF-1C57-476B-AB3A-E09DAE0E37D3,,95
PRL112025,7126C8EF-1C57-476B-AB3A-E09DAE0E37D3,,95
PRL122025,7126C8EF-1C57-476B-AB3A-E09DAE0E37D3,,95
PRL012026,7126C8EF-1C57-476B-AB3A-E09DAE0E37D3,,95
PRL022026,7126C8EF-1C57-476B-AB3A-E09DAE0E37D3,,95
PRL012023,785092a8-3bc0-474e-9eda-1a29305a7200,,75
PRL022023,785092a8-3bc0-474e-9eda-1a29305a7200,,75
PRL032023,785092a8-3bc0-474e-9eda-1a29305a7200,,75
PRL042023,785092a8-3bc0-474e-9eda-1a29305a7200,,75
PRL052023,785092a8-3bc0-474e-9eda-1a29305a7200,,75
PRL062023,785092a8-3bc0-474e-9eda-1a29305a7200,,75
PRL072023,785092a8-3bc0-474e-9eda-1a29305a7200,,75
PRL082023,785092a8-3bc0-474e-9eda-1a29305a7200,,75
PRL092023,785092a8-3bc0-474e-9eda-1a29305a7200,,75
PRL102023,785092a8-3bc0-474e-9eda-1a29305a7200,,87
PRL112023,785092a8-3bc0-474e-9eda-1a29305a7200,,87
PRL122023,785092a8-3bc0-474e-9eda-1a29305a7200,,87
PRL012024,785092a8-3bc0-474e-9eda-1a29305a7200,,87
PRL022024,785092a8-3bc0-474e-9eda-1a29305a7200,,87
PRL032024,785092a8-3bc0-474e-9eda-1a29305a7200,,87
PRL042024,785092a8-3bc0-474e-9eda-1a29305a7200,,87
PRL052024,785092a8-3bc0-474e-9eda-1a29305a7200,,87
PRL062024,785092a8-3bc0-474e-9eda-1a29305a7200,,87
PRL072024,785092a8-3bc0-474e-9eda-1a29305a7200,,87
PRL082024,785092a8-3bc0-474e-9eda-1a29305a7200,,87
PRL092024,785092a8-3bc0-474e-9eda-1a29305a7200,,87
PRL102024,785092a8-3bc0-474e-9eda-1a29305a7200,,92
PRL112024,785092a8-3bc0-474e-9eda-1a29305a7200,,92
PRL122024,785092a8-3bc0-474e-9eda-1a29305a7200,,92
PRL012025,785092a8-3bc0-474e-9eda-1a29305a7200,,92
PRL022025,785092a8-3bc0-474e-9eda-1a29305a7200,,92
PRL032025,785092a8-3bc0-474e-9eda-1a29305a7200,,92
PRL042025,785092a8-3bc0-474e-9eda-1a29305a7200,,92
PRL052025,785092a8-3bc0-474e-9eda-1a29305a7200,,92
PRL062025,785092a8-3bc0-474e-9eda-1a29305a7200,,92
PRL072025,785092a8-3bc0-474e-9eda-1a29305a7200,,92
PRL082025,785092a8-3bc0-474e-9eda-1a29305a7200,,92
PRL092025,785092a8-3bc0-474e-9eda-1a29305a7200,,92
PRL102025,785092a8-3bc0-474e-9eda-1a29305a7200,,95
PRL112025,785092a8-3bc0-474e-9eda-1a29305a7200,,95
PRL122025,785092a8-3bc0-474e-9eda-1a29305a7200,,95
PRL012026,785092a8-3bc0-474e-9eda-1a29305a7200,,95
PRL022026,785092a8-3bc0-474e-9eda-1a29305a7200,,95
PRL102024,7a12686c-fcc6-4984-8f41-fa41d3036c63,162,92
PRL112024,7a12686c-fcc6-4984-8f41-fa41d3036c63,162,92
PRL122024,7a12686c-fcc6-4984-8f41-fa41d3036c63,162,92
PRL012025,7a12686c-fcc6-4984-8f41-fa41d3036c63,162,92
PRL022025,7a12686c-fcc6-4984-8f41-fa41d3036c63,162,92
PRL032025,7a12686c-fcc6-4984-8f41-fa41d3036c63,162,92
PRL042025,7a12686c-fcc6-4984-8f41-fa41d3036c63,162,92
PRL052025,7a12686c-fcc6-4984-8f41-fa41d3036c63,162,92
PRL062025,7a12686c-fcc6-4984-8f41-fa41d3036c63,162,92
PRL072025,7a12686c-fcc6-4984-8f41-fa41d3036c63,162,92
PRL082025,7a12686c-fcc6-4984-8f41-fa41d3036c63,162,92
PRL092025,7a12686c-fcc6-4984-8f41-fa41d3036c63,162,92
PRL102025,7a12686c-fcc6-4984-8f41-fa41d3036c63,173,95
PRL112025,7a12686c-fcc6-4984-8f41-fa41d3036c63,173,95
PRL122025,7a12686c-fcc6-4984-8f41-fa41d3036c63,173,95
PRL012026,7a12686c-fcc6-4984-8f41-fa41d3036c63,,268
PRL022026,7a12686c-fcc6-4984-8f41-fa41d3036c63,173,95
PRL082024,7e65f577-9410-4b0a-9eef-aac0c6eabff9,,87
PRL092024,7e65f577-9410-4b0a-9eef-aac0c6eabff9,,87
PRL012023,83F0C711-34F6-45B3-A1ED-F85548418822,,75
PRL022023,83F0C711-34F6-45B3-A1ED-F85548418822,,75
PRL032023,83F0C711-34F6-45B3-A1ED-F85548418822,,75
PRL042023,83F0C711-34F6-45B3-A1ED-F85548418822,,75
PRL052023,83F0C711-34F6-45B3-A1ED-F85548418822,,75
PRL062023,83F0C711-34F6-45B3-A1ED-F85548418822,,75
PRL072023,83F0C711-34F6-45B3-A1ED-F85548418822,,75
PRL082023,83F0C711-34F6-45B3-A1ED-F85548418822,,75
PRL092023,83F0C711-34F6-45B3-A1ED-F85548418822,,75
PRL102023,83F0C711-34F6-45B3-A1ED-F85548418822,,87
PRL112023,83F0C711-34F6-45B3-A1ED-F85548418822,,87
PRL122023,83F0C711-34F6-45B3-A1ED-F85548418822,,87
PRL012024,83F0C711-34F6-45B3-A1ED-F85548418822,,87
PRL022024,83F0C711-34F6-45B3-A1ED-F85548418822,,87
PRL032024,83F0C711-34F6-45B3-A1ED-F85548418822,,87
PRL042024,83F0C711-34F6-45B3-A1ED-F85548418822,,87
PRL052024,83F0C711-34F6-45B3-A1ED-F85548418822,,87
PRL062024,83F0C711-34F6-45B3-A1ED-F85548418822,,87
PRL072024,83F0C711-34F6-45B3-A1ED-F85548418822,,87
PRL082024,83F0C711-34F6-45B3-A1ED-F85548418822,,87
PRL092024,83F0C711-34F6-45B3-A1ED-F85548418822,,87
PRL102024,83F0C711-34F6-45B3-A1ED-F85548418822,,92
PRL112024,83F0C711-34F6-45B3-A1ED-F85548418822,,92
PRL122024,83F0C711-34F6-45B3-A1ED-F85548418822,,92
PRL012025,83F0C711-34F6-45B3-A1ED-F85548418822,,92
PRL022025,83F0C711-34F6-45B3-A1ED-F85548418822,,92
PRL032025,83F0C711-34F6-45B3-A1ED-F85548418822,,92
PRL042025,83F0C711-34F6-45B3-A1ED-F85548418822,,92
PRL052025,83F0C711-34F6-45B3-A1ED-F85548418822,,92
PRL012023,86332895-C3C3-4313-AA1C-0D1B06C2386C,75,75
PRL022023,86332895-C3C3-4313-AA1C-0D1B06C2386C,75,75
PRL032023,86332895-C3C3-4313-AA1C-0D1B06C2386C,75,75
PRL042023,86332895-C3C3-4313-AA1C-0D1B06C2386C,75,75
PRL052023,86332895-C3C3-4313-AA1C-0D1B06C2386C,75,75
PRL062023,86332895-C3C3-4313-AA1C-0D1B06C2386C,75,75
PRL072023,86332895-C3C3-4313-AA1C-0D1B06C2386C,75,75
PRL082023,86332895-C3C3-4313-AA1C-0D1B06C2386C,75,75
PRL092023,86332895-C3C3-4313-AA1C-0D1B06C2386C,75,75
PRL102023,86332895-C3C3-4313-AA1C-0D1B06C2386C,87,87
PRL112023,86332895-C3C3-4313-AA1C-0D1B06C2386C,87,87
PRL122023,86332895-C3C3-4313-AA1C-0D1B06C2386C,87,87
PRL012024,86332895-C3C3-4313-AA1C-0D1B06C2386C,87,87
PRL022024,86332895-C3C3-4313-AA1C-0D1B06C2386C,87,87
PRL032024,86332895-C3C3-4313-AA1C-0D1B06C2386C,87,87
PRL042024,86332895-C3C3-4313-AA1C-0D1B06C2386C,87,87
PRL052024,86332895-C3C3-4313-AA1C-0D1B06C2386C,87,87
PRL062024,86332895-C3C3-4313-AA1C-0D1B06C2386C,87,87
PRL072024,86332895-C3C3-4313-AA1C-0D1B06C2386C,87,87
PRL082024,86332895-C3C3-4313-AA1C-0D1B06C2386C,87,87
PRL092024,86332895-C3C3-4313-AA1C-0D1B06C2386C,87,87
PRL102024,86332895-C3C3-4313-AA1C-0D1B06C2386C,92,92
PRL112024,86332895-C3C3-4313-AA1C-0D1B06C2386C,92,92
PRL122024,86332895-C3C3-4313-AA1C-0D1B06C2386C,92,92
PRL012025,86332895-C3C3-4313-AA1C-0D1B06C2386C,92,92
PRL022025,86332895-C3C3-4313-AA1C-0D1B06C2386C,92,92
PRL032025,86332895-C3C3-4313-AA1C-0D1B06C2386C,92,92
PRL042025,86332895-C3C3-4313-AA1C-0D1B06C2386C,92,92
PRL052025,86332895-C3C3-4313-AA1C-0D1B06C2386C,92,92
PRL062025,86332895-C3C3-4313-AA1C-0D1B06C2386C,92,92
PRL072025,86332895-C3C3-4313-AA1C-0D1B06C2386C,92,92
PRL082025,86332895-C3C3-4313-AA1C-0D1B06C2386C,92,92
PRL092025,86332895-C3C3-4313-AA1C-0D1B06C2386C,92,92
PRL102025,86332895-C3C3-4313-AA1C-0D1B06C2386C,95,95
PRL112025,86332895-C3C3-4313-AA1C-0D1B06C2386C,95,95
PRL122025,86332895-C3C3-4313-AA1C-0D1B06C2386C,95,95
PRL012026,86332895-C3C3-4313-AA1C-0D1B06C2386C,95,95
PRL022026,86332895-C3C3-4313-AA1C-0D1B06C2386C,95,95
PRL102025,8832AAFF-F2AE-44E8-876A-E1B1B305B48C,209,95
PRL112025,8832AAFF-F2AE-44E8-876A-E1B1B305B48C,209,95
PRL122025,8832AAFF-F2AE-44E8-876A-E1B1B305B48C,209,95
PRL012026,8832AAFF-F2AE-44E8-876A-E1B1B305B48C,209,95
PRL022026,8832AAFF-F2AE-44E8-876A-E1B1B305B48C,209,95
PRL102025,8aae6c15-d161-4e49-b9e9-031df8dd13cf,,95
PRL112025,8aae6c15-d161-4e49-b9e9-031df8dd13cf,,95
PRL122025,8aae6c15-d161-4e49-b9e9-031df8dd13cf,,95
PRL012026,8aae6c15-d161-4e49-b9e9-031df8dd13cf,,95
PRL022026,8aae6c15-d161-4e49-b9e9-031df8dd13cf,,95
PRL102025,8fec1a92-20c1-4604-9a9a-37f2c3b79693,,95
PRL112025,8fec1a92-20c1-4604-9a9a-37f2c3b79693,,95
PRL122025,8fec1a92-20c1-4604-9a9a-37f2c3b79693,,95
PRL012026,8fec1a92-20c1-4604-9a9a-37f2c3b79693,,95
PRL022026,8fec1a92-20c1-4604-9a9a-37f2c3b79693,,95
PRL062024,91b9a6d9-53e8-47be-9a3e-b3f8b656107f,,87
PRL072024,91b9a6d9-53e8-47be-9a3e-b3f8b656107f,,87
PRL082024,91b9a6d9-53e8-47be-9a3e-b3f8b656107f,,87
PRL092024,91b9a6d9-53e8-47be-9a3e-b3f8b656107f,,87
PRL102024,91b9a6d9-53e8-47be-9a3e-b3f8b656107f,,92
PRL112024,91b9a6d9-53e8-47be-9a3e-b3f8b656107f,,92
PRL122024,91b9a6d9-53e8-47be-9a3e-b3f8b656107f,,92
PRL012025,91b9a6d9-53e8-47be-9a3e-b3f8b656107f,,92
PRL022025,91b9a6d9-53e8-47be-9a3e-b3f8b656107f,,92
PRL032025,91b9a6d9-53e8-47be-9a3e-b3f8b656107f,,92
PRL042025,91b9a6d9-53e8-47be-9a3e-b3f8b656107f,,92
PRL052025,91b9a6d9-53e8-47be-9a3e-b3f8b656107f,,92
PRL062025,91b9a6d9-53e8-47be-9a3e-b3f8b656107f,,92
PRL072025,91b9a6d9-53e8-47be-9a3e-b3f8b656107f,,92
PRL082025,91b9a6d9-53e8-47be-9a3e-b3f8b656107f,,92
PRL092025,91b9a6d9-53e8-47be-9a3e-b3f8b656107f,,92
PRL102025,91b9a6d9-53e8-47be-9a3e-b3f8b656107f,,95
PRL112025,91b9a6d9-53e8-47be-9a3e-b3f8b656107f,,95
PRL122025,91b9a6d9-53e8-47be-9a3e-b3f8b656107f,,95
PRL012026,91b9a6d9-53e8-47be-9a3e-b3f8b656107f,,95
PRL022026,91b9a6d9-53e8-47be-9a3e-b3f8b656107f,,95
PRL022025,933F1C87-5084-423D-BE28-3ED5DB316885,203,92
PRL032025,933F1C87-5084-423D-BE28-3ED5DB316885,203,92
PRL042025,933F1C87-5084-423D-BE28-3ED5DB316885,203,92
PRL052025,933F1C87-5084-423D-BE28-3ED5DB316885,203,92
PRL062025,933F1C87-5084-423D-BE28-3ED5DB316885,203,92
PRL072025,933F1C87-5084-423D-BE28-3ED5DB316885,203,92
PRL082025,933F1C87-5084-423D-BE28-3ED5DB316885,203,92
PRL092025,933F1C87-5084-423D-BE28-3ED5DB316885,203,92
PRL102025,933F1C87-5084-423D-BE28-3ED5DB316885,97.38,95
PRL112025,933F1C87-5084-423D-BE28-3ED5DB316885,95,95
PRL122025,933F1C87-5084-423D-BE28-3ED5DB316885,95,95
PRL012026,933F1C87-5084-423D-BE28-3ED5DB316885,95,95
PRL022026,933F1C87-5084-423D-BE28-3ED5DB316885,95,95
PRL072025,9c37f282-85f8-45b3-b124-76797efa08b4,,92
PRL082025,9c37f282-85f8-45b3-b124-76797efa08b4,,92
PRL092025,9c37f282-85f8-45b3-b124-76797efa08b4,,92
PRL102025,9c37f282-85f8-45b3-b124-76797efa08b4,,95
PRL112025,9c37f282-85f8-45b3-b124-76797efa08b4,,95
PRL122025,9c37f282-85f8-45b3-b124-76797efa08b4,,95
PRL012026,9c37f282-85f8-45b3-b124-76797efa08b4,,95
PRL022026,9c37f282-85f8-45b3-b124-76797efa08b4,,95
PRL012023,A19DBE70-93E6-453B-840F-63A4C42291DC,,75
PRL022023,A19DBE70-93E6-453B-840F-63A4C42291DC,,75
PRL032023,A19DBE70-93E6-453B-840F-63A4C42291DC,,75
PRL042023,A19DBE70-93E6-453B-840F-63A4C42291DC,,75
PRL052023,A19DBE70-93E6-453B-840F-63A4C42291DC,,75
PRL062023,A19DBE70-93E6-453B-840F-63A4C42291DC,,75
PRL072023,A19DBE70-93E6-453B-840F-63A4C42291DC,,75
PRL082023,A19DBE70-93E6-453B-840F-63A4C42291DC,,75
PRL092023,A19DBE70-93E6-453B-840F-63A4C42291DC,,75
PRL102023,A19DBE70-93E6-453B-840F-63A4C42291DC,,87
PRL112023,A19DBE70-93E6-453B-840F-63A4C42291DC,,87
PRL122023,A19DBE70-93E6-453B-840F-63A4C42291DC,,87
PRL012024,A19DBE70-93E6-453B-840F-63A4C42291DC,,87
PRL022024,A19DBE70-93E6-453B-840F-63A4C42291DC,,87
PRL032024,A19DBE70-93E6-453B-840F-63A4C42291DC,,87
PRL042024,A19DBE70-93E6-453B-840F-63A4C42291DC,,87
PRL052024,A19DBE70-93E6-453B-840F-63A4C42291DC,,87
PRL062024,A19DBE70-93E6-453B-840F-63A4C42291DC,,87
PRL072024,A19DBE70-93E6-453B-840F-63A4C42291DC,,87
PRL082024,A19DBE70-93E6-453B-840F-63A4C42291DC,,87
PRL092024,A19DBE70-93E6-453B-840F-63A4C42291DC,,87
PRL102024,A19DBE70-93E6-453B-840F-63A4C42291DC,,92
PRL112024,A19DBE70-93E6-453B-840F-63A4C42291DC,,92
PRL122024,A19DBE70-93E6-453B-840F-63A4C42291DC,,92
PRL012025,A19DBE70-93E6-453B-840F-63A4C42291DC,,92
PRL022025,A19DBE70-93E6-453B-840F-63A4C42291DC,,92
PRL032025,A19DBE70-93E6-453B-840F-63A4C42291DC,,92
PRL042025,A19DBE70-93E6-453B-840F-63A4C42291DC,,92
PRL052025,A19DBE70-93E6-453B-840F-63A4C42291DC,,92
PRL062025,A19DBE70-93E6-453B-840F-63A4C42291DC,,92
PRL072025,A19DBE70-93E6-453B-840F-63A4C42291DC,,92
PRL082025,A19DBE70-93E6-453B-840F-63A4C42291DC,,92
PRL092025,A19DBE70-93E6-453B-840F-63A4C42291DC,,92
PRL102025,A19DBE70-93E6-453B-840F-63A4C42291DC,,95
PRL112025,A19DBE70-93E6-453B-840F-63A4C42291DC,,95
PRL122025,A19DBE70-93E6-453B-840F-63A4C42291DC,,95
PRL012026,A19DBE70-93E6-453B-840F-63A4C42291DC,,95
PRL022026,A19DBE70-93E6-453B-840F-63A4C42291DC,,95
PRL012023,A26DCE96-C08F-453E-9E26-10AAF72D142A,75,75
PRL022023,A26DCE96-C08F-453E-9E26-10AAF72D142A,3.9,75
PRL032023,A26DCE96-C08F-453E-9E26-10AAF72D142A,,75
PRL042023,A26DCE96-C08F-453E-9E26-10AAF72D142A,,75
PRL052023,A26DCE96-C08F-453E-9E26-10AAF72D142A,,75
PRL062023,A26DCE96-C08F-453E-9E26-10AAF72D142A,,75
PRL072023,A26DCE96-C08F-453E-9E26-10AAF72D142A,,75
PRL082023,A26DCE96-C08F-453E-9E26-10AAF72D142A,,75
PRL092023,A26DCE96-C08F-453E-9E26-10AAF72D142A,,75
PRL102023,A26DCE96-C08F-453E-9E26-10AAF72D142A,,87
PRL112023,A26DCE96-C08F-453E-9E26-10AAF72D142A,,87
PRL122023,A26DCE96-C08F-453E-9E26-10AAF72D142A,,87
PRL012024,A26DCE96-C08F-453E-9E26-10AAF72D142A,,87
PRL022024,A26DCE96-C08F-453E-9E26-10AAF72D142A,,87
PRL032024,A26DCE96-C08F-453E-9E26-10AAF72D142A,,87
PRL042024,A26DCE96-C08F-453E-9E26-10AAF72D142A,,87
PRL052024,A26DCE96-C08F-453E-9E26-10AAF72D142A,,87
PRL062024,A26DCE96-C08F-453E-9E26-10AAF72D142A,,87
PRL072024,A26DCE96-C08F-453E-9E26-10AAF72D142A,,87
PRL082024,A26DCE96-C08F-453E-9E26-10AAF72D142A,,87
PRL092024,A26DCE96-C08F-453E-9E26-10AAF72D142A,,87
PRL102024,A26DCE96-C08F-453E-9E26-10AAF72D142A,,92
PRL112024,A26DCE96-C08F-453E-9E26-10AAF72D142A,,92
PRL122024,A26DCE96-C08F-453E-9E26-10AAF72D142A,,92
PRL012025,A26DCE96-C08F-453E-9E26-10AAF72D142A,,92
PRL022025,A26DCE96-C08F-453E-9E26-10AAF72D142A,,92
PRL032025,A26DCE96-C08F-453E-9E26-10AAF72D142A,,92
PRL042025,A26DCE96-C08F-453E-9E26-10AAF72D142A,,92
PRL052025,A26DCE96-C08F-453E-9E26-10AAF72D142A,,92
PRL062025,A26DCE96-C08F-453E-9E26-10AAF72D142A,,92
PRL072025,A26DCE96-C08F-453E-9E26-10AAF72D142A,,92
PRL082025,A26DCE96-C08F-453E-9E26-10AAF72D142A,,92
PRL092025,A26DCE96-C08F-453E-9E26-10AAF72D142A,,92
PRL102025,A26DCE96-C08F-453E-9E26-10AAF72D142A,,95
PRL112025,A26DCE96-C08F-453E-9E26-10AAF72D142A,,95
PRL122025,A26DCE96-C08F-453E-9E26-10AAF72D142A,,95
PRL012026,A26DCE96-C08F-453E-9E26-10AAF72D142A,,95
PRL022026,A26DCE96-C08F-453E-9E26-10AAF72D142A,,95
PRL102024,a47dc082-9e78-49d2-9a31-0a1041c0452d,,92
PRL112024,a47dc082-9e78-49d2-9a31-0a1041c0452d,,92
PRL122024,a47dc082-9e78-49d2-9a31-0a1041c0452d,,92
PRL012025,a47dc082-9e78-49d2-9a31-0a1041c0452d,,92
PRL022025,a47dc082-9e78-49d2-9a31-0a1041c0452d,,92
PRL032025,a47dc082-9e78-49d2-9a31-0a1041c0452d,,92
PRL042025,a47dc082-9e78-49d2-9a31-0a1041c0452d,,92
PRL052025,a47dc082-9e78-49d2-9a31-0a1041c0452d,,92
PRL012023,A4E9EDC7-B81F-4483-9069-A7790AEBE4FA,,75
PRL022023,A4E9EDC7-B81F-4483-9069-A7790AEBE4FA,,75
PRL032023,A4E9EDC7-B81F-4483-9069-A7790AEBE4FA,,75
PRL042023,A4E9EDC7-B81F-4483-9069-A7790AEBE4FA,,75
PRL052023,A4E9EDC7-B81F-4483-9069-A7790AEBE4FA,,75
PRL012023,A68C7C4E-5733-44E9-AC09-EBA7F2FF82BC,165,75
PRL022023,A68C7C4E-5733-44E9-AC09-EBA7F2FF82BC,165,75
PRL032023,A68C7C4E-5733-44E9-AC09-EBA7F2FF82BC,165,75
PRL042023,A68C7C4E-5733-44E9-AC09-EBA7F2FF82BC,165,75
PRL052023,A68C7C4E-5733-44E9-AC09-EBA7F2FF82BC,165,75
PRL062023,A68C7C4E-5733-44E9-AC09-EBA7F2FF82BC,165,75
PRL072023,A68C7C4E-5733-44E9-AC09-EBA7F2FF82BC,165,75
PRL082023,A68C7C4E-5733-44E9-AC09-EBA7F2FF82BC,165,75
PRL092023,A68C7C4E-5733-44E9-AC09-EBA7F2FF82BC,165,75
PRL102023,A68C7C4E-5733-44E9-AC09-EBA7F2FF82BC,192,87
PRL112023,A68C7C4E-5733-44E9-AC09-EBA7F2FF82BC,192,87
PRL122023,A68C7C4E-5733-44E9-AC09-EBA7F2FF82BC,192,87
PRL012024,A68C7C4E-5733-44E9-AC09-EBA7F2FF82BC,192,87
PRL022024,A68C7C4E-5733-44E9-AC09-EBA7F2FF82BC,192,87
PRL032024,A68C7C4E-5733-44E9-AC09-EBA7F2FF82BC,192,87
PRL042024,A68C7C4E-5733-44E9-AC09-EBA7F2FF82BC,192,87
PRL052024,A68C7C4E-5733-44E9-AC09-EBA7F2FF82BC,192,87
PRL062024,A68C7C4E-5733-44E9-AC09-EBA7F2FF82BC,192,87
PRL072024,A68C7C4E-5733-44E9-AC09-EBA7F2FF82BC,192,87
PRL082024,A68C7C4E-5733-44E9-AC09-EBA7F2FF82BC,192,87
PRL092024,A68C7C4E-5733-44E9-AC09-EBA7F2FF82BC,192,87
PRL102024,A68C7C4E-5733-44E9-AC09-EBA7F2FF82BC,203,92
PRL112024,A68C7C4E-5733-44E9-AC09-EBA7F2FF82BC,203,92
PRL122024,A68C7C4E-5733-44E9-AC09-EBA7F2FF82BC,203,92
PRL012025,A68C7C4E-5733-44E9-AC09-EBA7F2FF82BC,203,92
PRL022025,A68C7C4E-5733-44E9-AC09-EBA7F2FF82BC,203,92
PRL032025,A68C7C4E-5733-44E9-AC09-EBA7F2FF82BC,203,92
PRL042025,A68C7C4E-5733-44E9-AC09-EBA7F2FF82BC,203,92
PRL052025,A68C7C4E-5733-44E9-AC09-EBA7F2FF82BC,203,92
PRL062025,A68C7C4E-5733-44E9-AC09-EBA7F2FF82BC,203,92
PRL072025,A68C7C4E-5733-44E9-AC09-EBA7F2FF82BC,203,92
PRL082025,A68C7C4E-5733-44E9-AC09-EBA7F2FF82BC,203,92
PRL092025,A68C7C4E-5733-44E9-AC09-EBA7F2FF82BC,203,92
PRL102025,A68C7C4E-5733-44E9-AC09-EBA7F2FF82BC,209,95
PRL112025,A68C7C4E-5733-44E9-AC09-EBA7F2FF82BC,209,95
PRL122025,A68C7C4E-5733-44E9-AC09-EBA7F2FF82BC,209,95
PRL012026,A68C7C4E-5733-44E9-AC09-EBA7F2FF82BC,209,95
PRL022026,A68C7C4E-5733-44E9-AC09-EBA7F2FF82BC,209,95
PRL012023,a703de60-7255-40f6-bcd1-b990ca15c2b4,75,75
PRL022023,a703de60-7255-40f6-bcd1-b990ca15c2b4,31.03,75
PRL032023,a703de60-7255-40f6-bcd1-b990ca15c2b4,,75
PRL042023,a703de60-7255-40f6-bcd1-b990ca15c2b4,,75
PRL052023,a703de60-7255-40f6-bcd1-b990ca15c2b4,,75
PRL062023,a703de60-7255-40f6-bcd1-b990ca15c2b4,,75
PRL072023,a703de60-7255-40f6-bcd1-b990ca15c2b4,,75
PRL082023,a703de60-7255-40f6-bcd1-b990ca15c2b4,,75
PRL092023,a703de60-7255-40f6-bcd1-b990ca15c2b4,,75
PRL102023,a703de60-7255-40f6-bcd1-b990ca15c2b4,,87
PRL112023,a703de60-7255-40f6-bcd1-b990ca15c2b4,,87
PRL122023,a703de60-7255-40f6-bcd1-b990ca15c2b4,,87
PRL012024,a703de60-7255-40f6-bcd1-b990ca15c2b4,,87
PRL022024,a703de60-7255-40f6-bcd1-b990ca15c2b4,,87
PRL032024,a703de60-7255-40f6-bcd1-b990ca15c2b4,,87
PRL042024,a703de60-7255-40f6-bcd1-b990ca15c2b4,,87
PRL052024,a703de60-7255-40f6-bcd1-b990ca15c2b4,,87
PRL062024,a703de60-7255-40f6-bcd1-b990ca15c2b4,,87
PRL072024,a703de60-7255-40f6-bcd1-b990ca15c2b4,,87
PRL082024,a703de60-7255-40f6-bcd1-b990ca15c2b4,,87
PRL092024,a703de60-7255-40f6-bcd1-b990ca15c2b4,,87
PRL102024,a703de60-7255-40f6-bcd1-b990ca15c2b4,,92
PRL112024,a703de60-7255-40f6-bcd1-b990ca15c2b4,,92
PRL122024,a703de60-7255-40f6-bcd1-b990ca15c2b4,,92
PRL012025,a703de60-7255-40f6-bcd1-b990ca15c2b4,,92
PRL022025,a703de60-7255-40f6-bcd1-b990ca15c2b4,,92
PRL032025,a703de60-7255-40f6-bcd1-b990ca15c2b4,203,92
PRL042025,a703de60-7255-40f6-bcd1-b990ca15c2b4,203,92
PRL052025,a703de60-7255-40f6-bcd1-b990ca15c2b4,203,92
PRL062025,a703de60-7255-40f6-bcd1-b990ca15c2b4,203,92
PRL072025,a703de60-7255-40f6-bcd1-b990ca15c2b4,203,92
PRL082025,a703de60-7255-40f6-bcd1-b990ca15c2b4,203,92
PRL092025,a703de60-7255-40f6-bcd1-b990ca15c2b4,203,92
PRL102025,a703de60-7255-40f6-bcd1-b990ca15c2b4,206.4,95
PRL112025,a703de60-7255-40f6-bcd1-b990ca15c2b4,209,95
PRL122025,a703de60-7255-40f6-bcd1-b990ca15c2b4,209,95
PRL012026,a703de60-7255-40f6-bcd1-b990ca15c2b4,209,95
PRL022026,a703de60-7255-40f6-bcd1-b990ca15c2b4,209,95
PRL012023,A778537A-20BD-4AF4-B7E0-06811F6672A1,,75
PRL022023,A778537A-20BD-4AF4-B7E0-06811F6672A1,,75
PRL032023,A778537A-20BD-4AF4-B7E0-06811F6672A1,,75
PRL042023,A778537A-20BD-4AF4-B7E0-06811F6672A1,,75
PRL052023,A778537A-20BD-4AF4-B7E0-06811F6672A1,,75
PRL062023,A778537A-20BD-4AF4-B7E0-06811F6672A1,,75
PRL072023,A778537A-20BD-4AF4-B7E0-06811F6672A1,,75
PRL082023,A778537A-20BD-4AF4-B7E0-06811F6672A1,,75
PRL092023,A778537A-20BD-4AF4-B7E0-06811F6672A1,,75
PRL102023,A778537A-20BD-4AF4-B7E0-06811F6672A1,,87
PRL112023,A778537A-20BD-4AF4-B7E0-06811F6672A1,,87
PRL122023,A778537A-20BD-4AF4-B7E0-06811F6672A1,,87
PRL012024,A778537A-20BD-4AF4-B7E0-06811F6672A1,,87
PRL022024,A778537A-20BD-4AF4-B7E0-06811F6672A1,,87
PRL032024,A778537A-20BD-4AF4-B7E0-06811F6672A1,,87
PRL042024,A778537A-20BD-4AF4-B7E0-06811F6672A1,,87
PRL052024,A778537A-20BD-4AF4-B7E0-06811F6672A1,,87
PRL062024,A778537A-20BD-4AF4-B7E0-06811F6672A1,,87
PRL072024,A778537A-20BD-4AF4-B7E0-06811F6672A1,,87
PRL082024,A778537A-20BD-4AF4-B7E0-06811F6672A1,,87
PRL092024,A778537A-20BD-4AF4-B7E0-06811F6672A1,,87
PRL102024,A778537A-20BD-4AF4-B7E0-06811F6672A1,92,92
PRL112024,A778537A-20BD-4AF4-B7E0-06811F6672A1,92,92
PRL122024,A778537A-20BD-4AF4-B7E0-06811F6672A1,92,92
PRL012025,A778537A-20BD-4AF4-B7E0-06811F6672A1,92,92
PRL022025,A778537A-20BD-4AF4-B7E0-06811F6672A1,92,92
PRL032025,A778537A-20BD-4AF4-B7E0-06811F6672A1,92,92
PRL042025,A778537A-20BD-4AF4-B7E0-06811F6672A1,92,92
PRL052025,A778537A-20BD-4AF4-B7E0-06811F6672A1,92,92
PRL062025,A778537A-20BD-4AF4-B7E0-06811F6672A1,92,92
PRL072025,A778537A-20BD-4AF4-B7E0-06811F6672A1,92,92
PRL082025,A778537A-20BD-4AF4-B7E0-06811F6672A1,92,92
PRL092025,A778537A-20BD-4AF4-B7E0-06811F6672A1,92,92
PRL102025,A778537A-20BD-4AF4-B7E0-06811F6672A1,95,95
PRL112025,A778537A-20BD-4AF4-B7E0-06811F6672A1,95,95
PRL122025,A778537A-20BD-4AF4-B7E0-06811F6672A1,95,95
PRL012026,A778537A-20BD-4AF4-B7E0-06811F6672A1,95,95
PRL022026,A778537A-20BD-4AF4-B7E0-06811F6672A1,95,95
PRL012023,ACBC2FB2-B331-42F1-B862-1D9DED071B71,165,75
PRL022023,ACBC2FB2-B331-42F1-B862-1D9DED071B71,165,75
PRL032023,ACBC2FB2-B331-42F1-B862-1D9DED071B71,165,75
PRL042023,ACBC2FB2-B331-42F1-B862-1D9DED071B71,165,75
PRL052023,ACBC2FB2-B331-42F1-B862-1D9DED071B71,165,75
PRL062023,ACBC2FB2-B331-42F1-B862-1D9DED071B71,165,75
PRL072023,ACBC2FB2-B331-42F1-B862-1D9DED071B71,165,75
PRL082023,ACBC2FB2-B331-42F1-B862-1D9DED071B71,165,75
PRL092023,ACBC2FB2-B331-42F1-B862-1D9DED071B71,165,75
PRL102023,ACBC2FB2-B331-42F1-B862-1D9DED071B71,192,87
PRL112023,ACBC2FB2-B331-42F1-B862-1D9DED071B71,192,87
PRL122023,ACBC2FB2-B331-42F1-B862-1D9DED071B71,192,87
PRL012024,ACBC2FB2-B331-42F1-B862-1D9DED071B71,192,87
PRL022024,ACBC2FB2-B331-42F1-B862-1D9DED071B71,192,87
PRL032024,ACBC2FB2-B331-42F1-B862-1D9DED071B71,192,87
PRL042024,ACBC2FB2-B331-42F1-B862-1D9DED071B71,192,87
PRL052024,ACBC2FB2-B331-42F1-B862-1D9DED071B71,192,87
PRL062024,ACBC2FB2-B331-42F1-B862-1D9DED071B71,192,87
PRL072024,ACBC2FB2-B331-42F1-B862-1D9DED071B71,192,87
PRL082024,ACBC2FB2-B331-42F1-B862-1D9DED071B71,192,87
PRL092024,ACBC2FB2-B331-42F1-B862-1D9DED071B71,192,87
PRL102024,ACBC2FB2-B331-42F1-B862-1D9DED071B71,203,92
PRL112024,ACBC2FB2-B331-42F1-B862-1D9DED071B71,203,92
PRL122024,ACBC2FB2-B331-42F1-B862-1D9DED071B71,203,92
PRL012025,ACBC2FB2-B331-42F1-B862-1D9DED071B71,203,92
PRL022025,ACBC2FB2-B331-42F1-B862-1D9DED071B71,203,92
PRL032025,ACBC2FB2-B331-42F1-B862-1D9DED071B71,203,92
PRL042025,ACBC2FB2-B331-42F1-B862-1D9DED071B71,203,92
PRL052025,ACBC2FB2-B331-42F1-B862-1D9DED071B71,203,92
PRL062025,ACBC2FB2-B331-42F1-B862-1D9DED071B71,203,92
PRL072025,ACBC2FB2-B331-42F1-B862-1D9DED071B71,203,92
PRL082025,ACBC2FB2-B331-42F1-B862-1D9DED071B71,203,92
PRL092025,ACBC2FB2-B331-42F1-B862-1D9DED071B71,203,92
PRL102025,ACBC2FB2-B331-42F1-B862-1D9DED071B71,209,95
PRL112025,ACBC2FB2-B331-42F1-B862-1D9DED071B71,209,95
PRL122025,ACBC2FB2-B331-42F1-B862-1D9DED071B71,209,95
PRL012026,ACBC2FB2-B331-42F1-B862-1D9DED071B71,209,95
PRL022026,ACBC2FB2-B331-42F1-B862-1D9DED071B71,209,95
PRL012023,AD901E05-ADD9-42DE-89BA-4D9A21C89BCF,,75
PRL022023,AD901E05-ADD9-42DE-89BA-4D9A21C89BCF,,75
PRL032023,AD901E05-ADD9-42DE-89BA-4D9A21C89BCF,,75
PRL042023,AD901E05-ADD9-42DE-89BA-4D9A21C89BCF,,75
PRL052023,AD901E05-ADD9-42DE-89BA-4D9A21C89BCF,,75
PRL062023,AD901E05-ADD9-42DE-89BA-4D9A21C89BCF,,75
PRL072023,AD901E05-ADD9-42DE-89BA-4D9A21C89BCF,,75
PRL082023,AD901E05-ADD9-42DE-89BA-4D9A21C89BCF,,75
PRL092023,AD901E05-ADD9-42DE-89BA-4D9A21C89BCF,,75
PRL102023,AD901E05-ADD9-42DE-89BA-4D9A21C89BCF,,87
PRL112023,AD901E05-ADD9-42DE-89BA-4D9A21C89BCF,,87
PRL122023,AD901E05-ADD9-42DE-89BA-4D9A21C89BCF,,87
PRL012024,AD901E05-ADD9-42DE-89BA-4D9A21C89BCF,,87
PRL022024,AD901E05-ADD9-42DE-89BA-4D9A21C89BCF,,87
PRL032024,AD901E05-ADD9-42DE-89BA-4D9A21C89BCF,,87
PRL042024,AD901E05-ADD9-42DE-89BA-4D9A21C89BCF,,87
PRL052024,AD901E05-ADD9-42DE-89BA-4D9A21C89BCF,,87
PRL062024,AD901E05-ADD9-42DE-89BA-4D9A21C89BCF,,87
PRL072024,AD901E05-ADD9-42DE-89BA-4D9A21C89BCF,,87
PRL082024,AD901E05-ADD9-42DE-89BA-4D9A21C89BCF,,87
PRL092024,AD901E05-ADD9-42DE-89BA-4D9A21C89BCF,,87
PRL102024,AD901E05-ADD9-42DE-89BA-4D9A21C89BCF,,92
PRL112024,AD901E05-ADD9-42DE-89BA-4D9A21C89BCF,,92
PRL122024,AD901E05-ADD9-42DE-89BA-4D9A21C89BCF,,92
PRL012025,AD901E05-ADD9-42DE-89BA-4D9A21C89BCF,,92
PRL022025,AD901E05-ADD9-42DE-89BA-4D9A21C89BCF,,92
PRL032025,AD901E05-ADD9-42DE-89BA-4D9A21C89BCF,,92
PRL042025,AD901E05-ADD9-42DE-89BA-4D9A21C89BCF,,92
PRL052025,AD901E05-ADD9-42DE-89BA-4D9A21C89BCF,,92
PRL062025,AD901E05-ADD9-42DE-89BA-4D9A21C89BCF,,92
PRL072025,AD901E05-ADD9-42DE-89BA-4D9A21C89BCF,,92
PRL082025,AD901E05-ADD9-42DE-89BA-4D9A21C89BCF,,92
PRL092025,AD901E05-ADD9-42DE-89BA-4D9A21C89BCF,,92
PRL102025,AD901E05-ADD9-42DE-89BA-4D9A21C89BCF,,95
PRL112025,AD901E05-ADD9-42DE-89BA-4D9A21C89BCF,,95
PRL122025,AD901E05-ADD9-42DE-89BA-4D9A21C89BCF,,95
PRL012026,AD901E05-ADD9-42DE-89BA-4D9A21C89BCF,,95
PRL022026,AD901E05-ADD9-42DE-89BA-4D9A21C89BCF,,95
PRL022026,ae6f4d15-31f7-4318-b9dc-9bfb194238f6,,95
PRL122023,b1054aac-1e32-4d92-b641-5ab23b7a4174,,87
PRL012024,b1054aac-1e32-4d92-b641-5ab23b7a4174,,87
PRL022024,b1054aac-1e32-4d92-b641-5ab23b7a4174,,87
PRL032024,b1054aac-1e32-4d92-b641-5ab23b7a4174,,87
PRL042024,b1054aac-1e32-4d92-b641-5ab23b7a4174,,87
PRL052024,b1054aac-1e32-4d92-b641-5ab23b7a4174,,87
PRL062024,b1054aac-1e32-4d92-b641-5ab23b7a4174,,87
PRL072024,b1054aac-1e32-4d92-b641-5ab23b7a4174,,87
PRL082024,b1054aac-1e32-4d92-b641-5ab23b7a4174,,87
PRL092024,b1054aac-1e32-4d92-b641-5ab23b7a4174,,87
PRL102024,b1054aac-1e32-4d92-b641-5ab23b7a4174,,92
PRL112024,b1054aac-1e32-4d92-b641-5ab23b7a4174,,92
PRL122024,b1054aac-1e32-4d92-b641-5ab23b7a4174,,92
PRL012025,b1054aac-1e32-4d92-b641-5ab23b7a4174,,92
PRL022025,b1054aac-1e32-4d92-b641-5ab23b7a4174,,92
PRL032025,b1054aac-1e32-4d92-b641-5ab23b7a4174,,92
PRL042025,b1054aac-1e32-4d92-b641-5ab23b7a4174,,92
PRL052025,b1054aac-1e32-4d92-b641-5ab23b7a4174,,92
PRL062025,b1054aac-1e32-4d92-b641-5ab23b7a4174,,92
PRL072025,b1054aac-1e32-4d92-b641-5ab23b7a4174,,92
PRL082025,b1054aac-1e32-4d92-b641-5ab23b7a4174,,92
PRL092025,b1054aac-1e32-4d92-b641-5ab23b7a4174,,92
PRL102025,b1054aac-1e32-4d92-b641-5ab23b7a4174,,95
PRL112025,b1054aac-1e32-4d92-b641-5ab23b7a4174,,95
PRL122025,b1054aac-1e32-4d92-b641-5ab23b7a4174,,95
PRL012026,b1054aac-1e32-4d92-b641-5ab23b7a4174,,95
PRL022026,b1054aac-1e32-4d92-b641-5ab23b7a4174,,95
PRL102025,b905cc41-c84b-443c-b5a6-3fa4e4798f87,,95
PRL112025,b905cc41-c84b-443c-b5a6-3fa4e4798f87,,95
PRL122025,b905cc41-c84b-443c-b5a6-3fa4e4798f87,,95
PRL012026,b905cc41-c84b-443c-b5a6-3fa4e4798f87,,95
PRL022026,b905cc41-c84b-443c-b5a6-3fa4e4798f87,,95
PRL082024,B9A50D34-5467-4B58-A3DC-223CEBF956ED,,87
PRL092024,B9A50D34-5467-4B58-A3DC-223CEBF956ED,,87
PRL102024,B9A50D34-5467-4B58-A3DC-223CEBF956ED,,92
PRL112024,B9A50D34-5467-4B58-A3DC-223CEBF956ED,,92
PRL102025,B9A50D34-5467-4B58-A3DC-223CEBF956ED,,95
PRL112025,B9A50D34-5467-4B58-A3DC-223CEBF956ED,,95
PRL122025,B9A50D34-5467-4B58-A3DC-223CEBF956ED,,95
PRL012026,B9A50D34-5467-4B58-A3DC-223CEBF956ED,,95
PRL022026,B9A50D34-5467-4B58-A3DC-223CEBF956ED,,95
PRL122023,c16820cb-b0fb-42f4-837e-8657b575f62a,,87
PRL012024,c16820cb-b0fb-42f4-837e-8657b575f62a,,87
PRL022024,c16820cb-b0fb-42f4-837e-8657b575f62a,,87
PRL032024,c16820cb-b0fb-42f4-837e-8657b575f62a,,87
PRL042024,c16820cb-b0fb-42f4-837e-8657b575f62a,,87
PRL052024,c16820cb-b0fb-42f4-837e-8657b575f62a,,87
PRL062024,c16820cb-b0fb-42f4-837e-8657b575f62a,,87
PRL072024,c16820cb-b0fb-42f4-837e-8657b575f62a,,87
PRL082024,c16820cb-b0fb-42f4-837e-8657b575f62a,,87
PRL092024,c16820cb-b0fb-42f4-837e-8657b575f62a,,87
PRL102024,c16820cb-b0fb-42f4-837e-8657b575f62a,,92
PRL112024,c16820cb-b0fb-42f4-837e-8657b575f62a,,92
PRL122024,c16820cb-b0fb-42f4-837e-8657b575f62a,,92
PRL012025,c16820cb-b0fb-42f4-837e-8657b575f62a,,92
PRL022025,c16820cb-b0fb-42f4-837e-8657b575f62a,,92
PRL032025,c16820cb-b0fb-42f4-837e-8657b575f62a,,92
PRL042025,c16820cb-b0fb-42f4-837e-8657b575f62a,,92
PRL052025,c16820cb-b0fb-42f4-837e-8657b575f62a,,92
PRL062025,c16820cb-b0fb-42f4-837e-8657b575f62a,,92
PRL072025,c16820cb-b0fb-42f4-837e-8657b575f62a,,92
PRL082025,c16820cb-b0fb-42f4-837e-8657b575f62a,,92
PRL092025,c16820cb-b0fb-42f4-837e-8657b575f62a,,92
PRL082025,c202fc32-c675-4f80-8903-9eaa1284acc3,,92
PRL092025,c202fc32-c675-4f80-8903-9eaa1284acc3,,92
PRL102025,c202fc32-c675-4f80-8903-9eaa1284acc3,,95
PRL112025,c202fc32-c675-4f80-8903-9eaa1284acc3,,95
PRL122025,c202fc32-c675-4f80-8903-9eaa1284acc3,,95
PRL012026,c202fc32-c675-4f80-8903-9eaa1284acc3,,95
PRL022026,c202fc32-c675-4f80-8903-9eaa1284acc3,,95
PRL112025,C2D94CAA-7B1A-4B3C-A918-4A58359B59D2,,95
PRL122025,C2D94CAA-7B1A-4B3C-A918-4A58359B59D2,,95
PRL012026,C2D94CAA-7B1A-4B3C-A918-4A58359B59D2,,95
PRL022026,C2D94CAA-7B1A-4B3C-A918-4A58359B59D2,,95
PRL012023,C309CB7C-404D-431A-A8FB-29671DCA0C49,165,75
PRL022023,C309CB7C-404D-431A-A8FB-29671DCA0C49,165,75
PRL032023,C309CB7C-404D-431A-A8FB-29671DCA0C49,165,75
PRL042023,C309CB7C-404D-431A-A8FB-29671DCA0C49,165,75
PRL052023,C309CB7C-404D-431A-A8FB-29671DCA0C49,165,75
PRL062023,C309CB7C-404D-431A-A8FB-29671DCA0C49,165,75
PRL072023,C309CB7C-404D-431A-A8FB-29671DCA0C49,165,75
PRL082023,C309CB7C-404D-431A-A8FB-29671DCA0C49,165,75
PRL092023,C309CB7C-404D-431A-A8FB-29671DCA0C49,165,75
PRL102023,C309CB7C-404D-431A-A8FB-29671DCA0C49,192,87
PRL112023,C309CB7C-404D-431A-A8FB-29671DCA0C49,192,87
PRL122023,C309CB7C-404D-431A-A8FB-29671DCA0C49,192,87
PRL012024,C309CB7C-404D-431A-A8FB-29671DCA0C49,192,87
PRL022024,C309CB7C-404D-431A-A8FB-29671DCA0C49,192,87
PRL032024,C309CB7C-404D-431A-A8FB-29671DCA0C49,192,87
PRL042024,C309CB7C-404D-431A-A8FB-29671DCA0C49,192,87
PRL052024,C309CB7C-404D-431A-A8FB-29671DCA0C49,192,87
PRL062024,C309CB7C-404D-431A-A8FB-29671DCA0C49,192,87
PRL072024,C309CB7C-404D-431A-A8FB-29671DCA0C49,192,87
PRL082024,C309CB7C-404D-431A-A8FB-29671DCA0C49,192,87
PRL092024,C309CB7C-404D-431A-A8FB-29671DCA0C49,192,87
PRL102024,C309CB7C-404D-431A-A8FB-29671DCA0C49,203,92
PRL112024,C309CB7C-404D-431A-A8FB-29671DCA0C49,203,92
PRL122024,C309CB7C-404D-431A-A8FB-29671DCA0C49,203,92
PRL012025,C309CB7C-404D-431A-A8FB-29671DCA0C49,203,92
PRL022025,C309CB7C-404D-431A-A8FB-29671DCA0C49,203,92
PRL032025,C309CB7C-404D-431A-A8FB-29671DCA0C49,203,92
PRL042025,C309CB7C-404D-431A-A8FB-29671DCA0C49,203,92
PRL052025,C309CB7C-404D-431A-A8FB-29671DCA0C49,203,92
PRL062025,C309CB7C-404D-431A-A8FB-29671DCA0C49,203,92
PRL072025,C309CB7C-404D-431A-A8FB-29671DCA0C49,203,92
PRL082025,C309CB7C-404D-431A-A8FB-29671DCA0C49,203,92
PRL092025,C309CB7C-404D-431A-A8FB-29671DCA0C49,203,92
PRL102025,C309CB7C-404D-431A-A8FB-29671DCA0C49,209,95
PRL112025,C309CB7C-404D-431A-A8FB-29671DCA0C49,209,95
PRL122025,C309CB7C-404D-431A-A8FB-29671DCA0C49,209,95
PRL012026,C309CB7C-404D-431A-A8FB-29671DCA0C49,209,95
PRL022026,C309CB7C-404D-431A-A8FB-29671DCA0C49,209,95
PRL122023,d93aa8af-4a63-4f10-82a7-021602f8c7f4,,87
PRL012024,d93aa8af-4a63-4f10-82a7-021602f8c7f4,,87
PRL022024,d93aa8af-4a63-4f10-82a7-021602f8c7f4,,87
PRL032024,d93aa8af-4a63-4f10-82a7-021602f8c7f4,,87
PRL042024,d93aa8af-4a63-4f10-82a7-021602f8c7f4,,87
PRL052024,d93aa8af-4a63-4f10-82a7-021602f8c7f4,,87
PRL062024,d93aa8af-4a63-4f10-82a7-021602f8c7f4,,87
PRL072024,d93aa8af-4a63-4f10-82a7-021602f8c7f4,,87
PRL082024,d93aa8af-4a63-4f10-82a7-021602f8c7f4,,87
PRL092024,d93aa8af-4a63-4f10-82a7-021602f8c7f4,,87
PRL102024,d93aa8af-4a63-4f10-82a7-021602f8c7f4,,92
PRL112024,d93aa8af-4a63-4f10-82a7-021602f8c7f4,,92
PRL122024,d93aa8af-4a63-4f10-82a7-021602f8c7f4,,92
PRL012025,d93aa8af-4a63-4f10-82a7-021602f8c7f4,,92
PRL022025,d93aa8af-4a63-4f10-82a7-021602f8c7f4,,92
PRL032025,d93aa8af-4a63-4f10-82a7-021602f8c7f4,,92
PRL042025,d93aa8af-4a63-4f10-82a7-021602f8c7f4,,92
PRL052025,d93aa8af-4a63-4f10-82a7-021602f8c7f4,,92
PRL062025,d93aa8af-4a63-4f10-82a7-021602f8c7f4,,92
PRL072025,d93aa8af-4a63-4f10-82a7-021602f8c7f4,,92
PRL122023,e0298429-d69b-4461-af75-4198ee21ad3b,,87
PRL012024,e0298429-d69b-4461-af75-4198ee21ad3b,,87
PRL022024,e0298429-d69b-4461-af75-4198ee21ad3b,,87
PRL032024,e0298429-d69b-4461-af75-4198ee21ad3b,,87
PRL042024,e0298429-d69b-4461-af75-4198ee21ad3b,,87
PRL052024,e0298429-d69b-4461-af75-4198ee21ad3b,,87
PRL062024,e0298429-d69b-4461-af75-4198ee21ad3b,,87
PRL072024,e0298429-d69b-4461-af75-4198ee21ad3b,,87
PRL082024,e0298429-d69b-4461-af75-4198ee21ad3b,,87
PRL092024,e0298429-d69b-4461-af75-4198ee21ad3b,,87
PRL102024,e0298429-d69b-4461-af75-4198ee21ad3b,,92
PRL112024,e0298429-d69b-4461-af75-4198ee21ad3b,,92
PRL122024,e0298429-d69b-4461-af75-4198ee21ad3b,,92
PRL012025,e0298429-d69b-4461-af75-4198ee21ad3b,,92
PRL022025,e0298429-d69b-4461-af75-4198ee21ad3b,,92
PRL032025,e0298429-d69b-4461-af75-4198ee21ad3b,,92
PRL042025,e0298429-d69b-4461-af75-4198ee21ad3b,,92
PRL052025,e0298429-d69b-4461-af75-4198ee21ad3b,,92
PRL062025,e0298429-d69b-4461-af75-4198ee21ad3b,,92
PRL072025,e0298429-d69b-4461-af75-4198ee21ad3b,,92
PRL102025,e4215a7c-6a0f-4f44-8ef4-4c9c4bb33272,,95
PRL112025,e4215a7c-6a0f-4f44-8ef4-4c9c4bb33272,,95
PRL122025,e4215a7c-6a0f-4f44-8ef4-4c9c4bb33272,,95
PRL012026,e4215a7c-6a0f-4f44-8ef4-4c9c4bb33272,,95
PRL022026,e4215a7c-6a0f-4f44-8ef4-4c9c4bb33272,,95
PRL012023,e5dd6cc9-26cb-4eed-a1c5-0c74c521b935,,75
PRL022023,e5dd6cc9-26cb-4eed-a1c5-0c74c521b935,,75
PRL032023,e5dd6cc9-26cb-4eed-a1c5-0c74c521b935,,75
PRL112025,e8d68d39-496a-496b-91ab-43ceb685818c,,95
PRL122025,e8d68d39-496a-496b-91ab-43ceb685818c,,95
PRL012026,e8d68d39-496a-496b-91ab-43ceb685818c,,95
PRL022026,e8d68d39-496a-496b-91ab-43ceb685818c,,95
PRL112025,ecac5bb8-ce34-4e8a-ab66-bc8747d0c720,,95
PRL122025,ecac5bb8-ce34-4e8a-ab66-bc8747d0c720,,95
PRL012026,ecac5bb8-ce34-4e8a-ab66-bc8747d0c720,,95
PRL022026,ecac5bb8-ce34-4e8a-ab66-bc8747d0c720,,95
PRL012023,ED0D2B6C-6B7A-4C51-B69C-0DFD85113EE6,,75
PRL022023,ED0D2B6C-6B7A-4C51-B69C-0DFD85113EE6,,75
PRL032023,ED0D2B6C-6B7A-4C51-B69C-0DFD85113EE6,,75
PRL042023,ED0D2B6C-6B7A-4C51-B69C-0DFD85113EE6,,75
PRL052023,ED0D2B6C-6B7A-4C51-B69C-0DFD85113EE6,,75
PRL062023,ED0D2B6C-6B7A-4C51-B69C-0DFD85113EE6,,75
PRL072023,ED0D2B6C-6B7A-4C51-B69C-0DFD85113EE6,,75
PRL082023,ED0D2B6C-6B7A-4C51-B69C-0DFD85113EE6,,75
PRL092023,ED0D2B6C-6B7A-4C51-B69C-0DFD85113EE6,,75
PRL102023,ED0D2B6C-6B7A-4C51-B69C-0DFD85113EE6,,87
PRL112023,ED0D2B6C-6B7A-4C51-B69C-0DFD85113EE6,,87
PRL122023,ED0D2B6C-6B7A-4C51-B69C-0DFD85113EE6,,87
PRL012024,ED0D2B6C-6B7A-4C51-B69C-0DFD85113EE6,,87
PRL022024,ED0D2B6C-6B7A-4C51-B69C-0DFD85113EE6,,87
PRL032024,ED0D2B6C-6B7A-4C51-B69C-0DFD85113EE6,,87
PRL042024,ED0D2B6C-6B7A-4C51-B69C-0DFD85113EE6,,87
PRL052024,ED0D2B6C-6B7A-4C51-B69C-0DFD85113EE6,,87
PRL062024,ED0D2B6C-6B7A-4C51-B69C-0DFD85113EE6,,87
PRL072024,ED0D2B6C-6B7A-4C51-B69C-0DFD85113EE6,,87
PRL082024,ED0D2B6C-6B7A-4C51-B69C-0DFD85113EE6,,87
PRL092024,ED0D2B6C-6B7A-4C51-B69C-0DFD85113EE6,,87
PRL102024,ED0D2B6C-6B7A-4C51-B69C-0DFD85113EE6,,92
PRL112024,ED0D2B6C-6B7A-4C51-B69C-0DFD85113EE6,,92
PRL122024,ED0D2B6C-6B7A-4C51-B69C-0DFD85113EE6,,92
PRL012025,ED0D2B6C-6B7A-4C51-B69C-0DFD85113EE6,,92
PRL022025,ED0D2B6C-6B7A-4C51-B69C-0DFD85113EE6,,92
PRL032025,ED0D2B6C-6B7A-4C51-B69C-0DFD85113EE6,,92
PRL042025,ED0D2B6C-6B7A-4C51-B69C-0DFD85113EE6,,92
PRL052025,ED0D2B6C-6B7A-4C51-B69C-0DFD85113EE6,,92
PRL062025,ED0D2B6C-6B7A-4C51-B69C-0DFD85113EE6,,92
PRL072025,ED0D2B6C-6B7A-4C51-B69C-0DFD85113EE6,,92
PRL082025,ED0D2B6C-6B7A-4C51-B69C-0DFD85113EE6,,92
PRL092025,ED0D2B6C-6B7A-4C51-B69C-0DFD85113EE6,,92
PRL102025,ED0D2B6C-6B7A-4C51-B69C-0DFD85113EE6,,95
PRL112025,ED0D2B6C-6B7A-4C51-B69C-0DFD85113EE6,,95
PRL122025,ED0D2B6C-6B7A-4C51-B69C-0DFD85113EE6,,95
PRL012026,ED0D2B6C-6B7A-4C51-B69C-0DFD85113EE6,,95
PRL022026,ED0D2B6C-6B7A-4C51-B69C-0DFD85113EE6,,95
PRL102023,f226abbb-d682-476f-9fea-3665c62bccb6,,87
PRL112023,f226abbb-d682-476f-9fea-3665c62bccb6,,87
PRL122023,f226abbb-d682-476f-9fea-3665c62bccb6,,87
PRL012024,f226abbb-d682-476f-9fea-3665c62bccb6,,87
PRL022024,f226abbb-d682-476f-9fea-3665c62bccb6,,87
PRL032024,f226abbb-d682-476f-9fea-3665c62bccb6,,87
PRL042024,f226abbb-d682-476f-9fea-3665c62bccb6,,87
PRL052024,f226abbb-d682-476f-9fea-3665c62bccb6,,87
PRL062024,f226abbb-d682-476f-9fea-3665c62bccb6,,87
PRL072024,f226abbb-d682-476f-9fea-3665c62bccb6,,87
PRL082024,f226abbb-d682-476f-9fea-3665c62bccb6,,87
PRL092024,f226abbb-d682-476f-9fea-3665c62bccb6,,87
PRL102024,f226abbb-d682-476f-9fea-3665c62bccb6,,92
PRL112024,f226abbb-d682-476f-9fea-3665c62bccb6,,92
PRL122024,f226abbb-d682-476f-9fea-3665c62bccb6,,92
PRL012025,f226abbb-d682-476f-9fea-3665c62bccb6,,92
PRL022025,f226abbb-d682-476f-9fea-3665c62bccb6,,92
PRL032025,f226abbb-d682-476f-9fea-3665c62bccb6,,92
PRL042025,f226abbb-d682-476f-9fea-3665c62bccb6,,92
PRL052025,f226abbb-d682-476f-9fea-3665c62bccb6,,92
PRL062025,f226abbb-d682-476f-9fea-3665c62bccb6,,92
PRL072025,f226abbb-d682-476f-9fea-3665c62bccb6,,92
PRL082025,f226abbb-d682-476f-9fea-3665c62bccb6,,92
PRL092025,f226abbb-d682-476f-9fea-3665c62bccb6,,92
PRL102025,f226abbb-d682-476f-9fea-3665c62bccb6,,95
PRL112025,f226abbb-d682-476f-9fea-3665c62bccb6,,95
PRL122025,f226abbb-d682-476f-9fea-3665c62bccb6,,95
PRL012026,f226abbb-d682-476f-9fea-3665c62bccb6,,95
PRL022026,f226abbb-d682-476f-9fea-3665c62bccb6,,95
PRL062023,fd6be193-fd0d-47e3-96b1-e5a6e1948c27,,41.92
PRL072023,fd6be193-fd0d-47e3-96b1-e5a6e1948c27,,75
PRL082023,fd6be193-fd0d-47e3-96b1-e5a6e1948c27,,75
PRL092023,fd6be193-fd0d-47e3-96b1-e5a6e1948c27,,75
PRL102023,fd6be193-fd0d-47e3-96b1-e5a6e1948c27,,87
PRL112023,fd6be193-fd0d-47e3-96b1-e5a6e1948c27,,87
PRL122023,fd6be193-fd0d-47e3-96b1-e5a6e1948c27,,87
PRL012024,fd6be193-fd0d-47e3-96b1-e5a6e1948c27,,87
PRL022024,fd6be193-fd0d-47e3-96b1-e5a6e1948c27,,87
PRL032024,fd6be193-fd0d-47e3-96b1-e5a6e1948c27,,87
PRL042024,fd6be193-fd0d-47e3-96b1-e5a6e1948c27,,87
PRL052024,fd6be193-fd0d-47e3-96b1-e5a6e1948c27,,87
PRL062024,fd6be193-fd0d-47e3-96b1-e5a6e1948c27,,87
PRL072024,fd6be193-fd0d-47e3-96b1-e5a6e1948c27,,87
PRL082024,fd6be193-fd0d-47e3-96b1-e5a6e1948c27,,87
PRL092024,fd6be193-fd0d-47e3-96b1-e5a6e1948c27,,87
PRL102024,fd6be193-fd0d-47e3-96b1-e5a6e1948c27,,92
PRL112024,fd6be193-fd0d-47e3-96b1-e5a6e1948c27,,92
PRL122024,fd6be193-fd0d-47e3-96b1-e5a6e1948c27,,92
PRL012025,fd6be193-fd0d-47e3-96b1-e5a6e1948c27,,92
PRL022025,fd6be193-fd0d-47e3-96b1-e5a6e1948c27,,92
PRL032025,fd6be193-fd0d-47e3-96b1-e5a6e1948c27,,92
PRL042025,fd6be193-fd0d-47e3-96b1-e5a6e1948c27,,92
PRL052025,fd6be193-fd0d-47e3-96b1-e5a6e1948c27,,92
PRL062025,fd6be193-fd0d-47e3-96b1-e5a6e1948c27,,92
PRL072025,fd6be193-fd0d-47e3-96b1-e5a6e1948c27,,92
PRL082025,fd6be193-fd0d-47e3-96b1-e5a6e1948c27,,92
PRL092025,fd6be193-fd0d-47e3-96b1-e5a6e1948c27,,92
PRL102025,fd6be193-fd0d-47e3-96b1-e5a6e1948c27,,95
PRL112025,fd6be193-fd0d-47e3-96b1-e5a6e1948c27,,95
PRL122025,fd6be193-fd0d-47e3-96b1-e5a6e1948c27,,95
PRL012026,fd6be193-fd0d-47e3-96b1-e5a6e1948c27,,95
PRL022026,fd6be193-fd0d-47e3-96b1-e5a6e1948c27,,95
