project_uuid,job_name,job_uuid,floors,weight,is_ff,brand_uuid
769a66f7-239b-4b07-9247-181ba26f119d,L0001,048f2792-47b0-9b5e-6760-fc0f9a1c0038,5,1250,FALSE,39f5db17-8285-4faa-bd5e-042c9a12c797
769a66f7-239b-4b07-9247-181ba26f119d,L0001,b6359b95-49b7-4d07-a2d3-d564a00b5b6f,,,FALSE,
7fdd6160-db67-4d95-a4fc-7ae6ccc0c50a,P0001,6bf710cf-5733-4b50-aa92-ed9ec72491cc,5,1000,FALSE,
7fdd6160-db67-4d95-a4fc-7ae6ccc0c50a,P0002,6cd442e4-dc1c-4704-b5a5-30ed2b136473,42,1150,FALSE,
7fdd6160-db67-4d95-a4fc-7ae6ccc0c50a,P0003,ea74de5d-0f9b-48ee-82f4-b6fcbf11198d,42,1600,TRUE,
7fdd6160-db67-4d95-a4fc-7ae6ccc0c50a,P0004,"63a32c5d-a094-47a6-870b-fca773275755",42,1600,TRUE,
4E89F135-A0AD-4622-97BD-7B68EF6062F8,L0001,a2d597bf-bdb9-a359-001d-21d4bffafddd,,,FALSE,
9f8ed6b9-f51b-4974-a77f-2e33583fd63d,L0001,3cd367b4-fd06-4eb6-8f65-c9cdf263d217,10,1000,FALSE,57e563e9-cfc1-4f9b-885e-c9c59f076275
9f8ed6b9-f51b-4974-a77f-2e33583fd63d,L0002,c9d517dd-84fd-4f54-bb5f-1591b32da837,10,1600,TRUE,57e563e9-cfc1-4f9b-885e-c9c59f076275
9f8ed6b9-f51b-4974-a77f-2e33583fd63d,L0003,1b5e23f7-a795-4777-8edc-3b8c5d7f5222,10,1000,FALSE,39f5db17-8285-4faa-bd5e-042c9a12c797
9f8ed6b9-f51b-4974-a77f-2e33583fd63d,L0004,0b827bdc-557c-47be-9ea7-2b8223fba883,3,1000,FALSE,39f5db17-8285-4faa-bd5e-042c9a12c797
9f8ed6b9-f51b-4974-a77f-2e33583fd63d,L0005,24ea097c-29d1-40e8-ad0b-c5f8835fdde1,3,,FALSE,39f5db17-8285-4faa-bd5e-042c9a12c797
DC975886-9BF9-42C8-AFBE-87695AA01262,L0005,1fbb4ce0-0f95-41db-8977-9bd84b746a8f,40,,FALSE,
DC975886-9BF9-42C8-AFBE-87695AA01262,L0006,dd09899c-e401-4eac-9420-7f56e8347d24,39,1000,FALSE,
DC975886-9BF9-42C8-AFBE-87695AA01262,L0007,bf794294-86bc-41d7-bce8-29deaa9c0e01,39,,FALSE,
70a35471-a9c1-45d1-bfaf-a8c98abeaed7,CE0013,ca478ef4-2626-4b7d-b7f9-7f0c0d2c58ba,12,1000,FALSE,
70a35471-a9c1-45d1-bfaf-a8c98abeaed7,CE0014,9a8af7ca-f90f-4f42-99b9-456758f1cd64,12,1275,FALSE,
70a35471-a9c1-45d1-bfaf-a8c98abeaed7,CE0015,c16db010-1ab5-4a90-b673-232118a11472,12,1000,FALSE,
70a35471-a9c1-45d1-bfaf-a8c98abeaed7,CE0016,a0fa113e-020b-4bf4-8278-c71c57364809,12,1000,FALSE,
70a35471-a9c1-45d1-bfaf-a8c98abeaed7,HE0001,7d509164-b716-497f-a7bf-eef65882d436,13,1000,FALSE,
70a35471-a9c1-45d1-bfaf-a8c98abeaed7,HE0002,2ca75d5e-7586-4c11-9182-51ef8de2bd4d,13,1000,FALSE,
70a35471-a9c1-45d1-bfaf-a8c98abeaed7,HE0003,c50406a0-48cf-4c2e-aebe-a73e6d058f0d,14,1000,FALSE,
70a35471-a9c1-45d1-bfaf-a8c98abeaed7,HE0006,ebfff72e-efbe-4549-a42a-bc75a1436a4d,3,1000,FALSE,
70a35471-a9c1-45d1-bfaf-a8c98abeaed7,SE0004,24167493-51c4-4934-a701-d36633f78a02,13,1600,FALSE,
70a35471-a9c1-45d1-bfaf-a8c98abeaed7,SE0017,88fd40ef-5f1c-4664-9960-89e9987d9f33,13,1000,FALSE,
42a65f49-f18f-4bda-9070-13bd45302953,L0001,adf8bcd4-2ad0-436b-83fb-21c4698ab643,7,1000,FALSE,
9518b3a0-051a-4732-b24d-e59f121af873,P0001,"5aa27605-be12-4013-bed9-9819eb657a08",34,1600,TRUE,
9518b3a0-051a-4732-b24d-e59f121af873,P0002,9518b3a0-051a-4732-b24d-e59f121af873,34,1600,TRUE,
9518b3a0-051a-4732-b24d-e59f121af873,P0003,"2c06e550-fb60-40dc-87eb-54acc0e5accc",33,1000,FALSE,
edcc23a1-daf5-47c1-b7f2-46b6b93c967c,L0001,ef5187ac-d249-4602-867e-b4f37e5299de,,,FALSE,
6f2dbefb-3202-4b51-bd70-ea1bd9534729,E0001,d52fe137-b70a-44ae-8b2e-dd8dff342c5b,,,FALSE,
6f2dbefb-3202-4b51-bd70-ea1bd9534729,E0002,56b213d1-bd92-46ab-9c90-fc1667cc469e,,,FALSE,
6f2dbefb-3202-4b51-bd70-ea1bd9534729,E0003,f6200a1e-02dd-4377-b68d-21d7b57af118,,,FALSE,
6f2dbefb-3202-4b51-bd70-ea1bd9534729,E0004,c7a295da-2de2-43e0-9d54-3660ebcb71d2,,,FALSE,
6f2dbefb-3202-4b51-bd70-ea1bd9534729,E0005,3479615a-9272-43ac-8608-c120d38f5c9f,,,FALSE,
6f2dbefb-3202-4b51-bd70-ea1bd9534729,E0006,1111842e-d812-4883-9fc0-f96edaad4cda,,,FALSE,
6f2dbefb-3202-4b51-bd70-ea1bd9534729,E0007,ef942d1d-6873-40e5-9f76-51a67f905d36,,,FALSE,
6f2dbefb-3202-4b51-bd70-ea1bd9534729,E0008,ef2e5764-7e0b-4725-a5e4-2f7c5b26b6a1,,,FALSE,
6f2dbefb-3202-4b51-bd70-ea1bd9534729,E0009,4f1e3ff5-5dfa-420d-9abd-1396e0babef2,,,FALSE,
6f2dbefb-3202-4b51-bd70-ea1bd9534729,E0010,6a19ac58-b3cd-45b6-8d07-7c3db031f38e,,,FALSE,
6f2dbefb-3202-4b51-bd70-ea1bd9534729,E0011,a0550169-659e-4c8f-96ba-af428f20c50b,,,FALSE,
6f2dbefb-3202-4b51-bd70-ea1bd9534729,E0012,fa694a00-0b45-4e7a-8266-7af86426a641,,,FALSE,
6f2dbefb-3202-4b51-bd70-ea1bd9534729,E0013,9f61b17e-8ec5-4e54-81be-90c96395f9a5,,,FALSE,
6f2dbefb-3202-4b51-bd70-ea1bd9534729,E0014,2985950e-0b8d-4786-be25-346513724257,,,FALSE,
6f2dbefb-3202-4b51-bd70-ea1bd9534729,L0001,e9d6c51f-861f-44ad-abd1-3481dbad8ba7,,,FALSE,
6f2dbefb-3202-4b51-bd70-ea1bd9534729,L0002,8b671cfd-0643-4a6b-a0e9-895d414c4b56,,,FALSE,
6f2dbefb-3202-4b51-bd70-ea1bd9534729,L0003,d6b76c32-87aa-491d-8bca-9a1d435527ec,,,FALSE,
6f2dbefb-3202-4b51-bd70-ea1bd9534729,L0004,6e5c9a53-66ca-424c-9409-75e5ef8e1967,,,FALSE,
6f2dbefb-3202-4b51-bd70-ea1bd9534729,L0005,d154da07-a647-48e7-8cd2-113f102d115f,,,FALSE,
c4991b70-92fa-4d49-afa6-fbe17d3f7d5f,L1,d9f1951b-8725-41e5-9134-5142642207bb,12,1350,FALSE,
c4991b70-92fa-4d49-afa6-fbe17d3f7d5f,L2,d00ca216-c9ba-4993-9517-03a373c35f9a,12,800,FALSE,
c4991b70-92fa-4d49-afa6-fbe17d3f7d5f,L3,89d216e4-dad2-460e-8773-c5f99b40bb7c,12,800,FALSE,
c4991b70-92fa-4d49-afa6-fbe17d3f7d5f,L4,d8b11464-6408-4bd9-a5e6-27b45007b6b4,11,1000,FALSE,
c3a3712d-535f-4bbb-960a-7b3bbf0ceb61,L5,fcb7ee3f-80cc-42a3-9efd-97790d640de0,36,1600,FALSE,
c3a3712d-535f-4bbb-960a-7b3bbf0ceb61,L6,4066cfdc-4940-4ad4-8789-dd07b31c5028,36,1600,FALSE,
c3a3712d-535f-4bbb-960a-7b3bbf0ceb61,L7,bcb3fc2b-0a47-4e92-89e4-b0924afc811e,4,800,FALSE,
96eaf1a3-2f7c-4af8-bc23-29814db64545,L0001,aaaf8dc8-e4bb-4348-acee-19f973b6d96b,,,FALSE,
96eaf1a3-2f7c-4af8-bc23-29814db64545,L0001,2bbfcf62-3c34-4ff9-9266-5a1eb3c04b0c,,,FALSE,
d65dc67a-c91e-4710-979f-0d94f5ddb5f9,L0001,c5f6f193-f59a-40a9-9a3d-d8b77e926f7e,,,FALSE,
bc3f57bb-8758-4550-9a02-e814eb170c54,P0001,b515348c-795d-473f-b579-ff92fbeb16e3,16,1600,TRUE,
bc3f57bb-8758-4550-9a02-e814eb170c54,P0002,9a4d1f14-8564-4ef9-b4d0-552a86a9f9b7,16,1600,TRUE,
bc3f57bb-8758-4550-9a02-e814eb170c54,P0003,fc5fe75c-52a4-4b9b-93b6-97543442ed4c,16,1000,FALSE,
bc3f57bb-8758-4550-9a02-e814eb170c54,P0004,deb9721f-a9f0-4757-a531-12f8f5385ea6,16,1000,FALSE,
bc3f57bb-8758-4550-9a02-e814eb170c54,P0005,0f27ba10-c0ca-4fbe-8c24-459c3abd6c7b,16,1000,FALSE,
241bb860-e2e9-420d-86c8-20fe3416d93c,L0001,7ea81a4c-f33b-4bb7-9c92-53fab8943cdb,17,1600,FALSE,526fd746-78db-423e-bd98-1338f8338f87
86ef1332-8bc1-4ccc-8a9c-e79bc84c69cc,BOQ0001,f8f632f9-b8cc-49d3-91ec-b3c344049e64,,,FALSE,
07bb9243-11c7-4752-b253-97344fa40f3a,E0001,e956a1f9-22ba-4235-9890-4e7c4b81fdbc,,,FALSE,
07bb9243-11c7-4752-b253-97344fa40f3a,E0002,61182326-4728-4d39-a2ea-1a419945279d,,,FALSE,
07bb9243-11c7-4752-b253-97344fa40f3a,P0001,d9e7ad74-58e5-4cd1-96eb-a413e23207fa,,,FALSE,
85114460-e291-4477-bab4-57c1a7da9ba1,P0001,76f9c599-4df9-4992-8baa-8a69358f557a,17,1600,TRUE,
85114460-e291-4477-bab4-57c1a7da9ba1,P0002,fea4d127-2915-4cdc-b0d1-064bd0fffa5d,17,1600,TRUE,
85114460-e291-4477-bab4-57c1a7da9ba1,P0003,343709f5-c971-4783-958d-485efcb4567f,17,1000,FALSE,
2702712B-A1E7-43FA-8C75-F84D4BD6D43F,E0001,0fb0d90e-3749-4deb-a8f3-f22fbad5a5f9,2,6600,FALSE,
2702712B-A1E7-43FA-8C75-F84D4BD6D43F,E0002,729c9937-c219-4b3b-be6c-6cb5d033d5c8,2,6600,FALSE,
2702712B-A1E7-43FA-8C75-F84D4BD6D43F,E0003,983ab303-3244-49da-8b14-ad5f8d9ef236,2,4900,FALSE,
2702712B-A1E7-43FA-8C75-F84D4BD6D43F,E0004,07b05aa2-4a21-4f00-974c-c5d468226c27,2,4900,FALSE,
2702712B-A1E7-43FA-8C75-F84D4BD6D43F,L0001,040ca84f-8034-4ff3-907b-8ca4951ad677,11,2000,FALSE,
2702712B-A1E7-43FA-8C75-F84D4BD6D43F,L0002,4a5a3690-96d2-4148-adfe-7b90a270666d,11,1600,FALSE,
2702712B-A1E7-43FA-8C75-F84D4BD6D43F,L0003,b1609908-1a51-40ab-9dce-b692ca8713a9,11,1600,FALSE,
2702712B-A1E7-43FA-8C75-F84D4BD6D43F,L0004,882e5c86-5045-470c-a9ec-c2df742d463e,11,1600,FALSE,
2702712B-A1E7-43FA-8C75-F84D4BD6D43F,L0005,f4e3da6d-67f0-464c-aa9f-fdfc79d08172,40,1600,FALSE,
2702712B-A1E7-43FA-8C75-F84D4BD6D43F,L0006,fbc6821c-f2a5-45e8-8c5e-3e0427755385,40,1600,FALSE,
2702712B-A1E7-43FA-8C75-F84D4BD6D43F,L0007,8acc7fd0-3240-4366-bd03-2d0a64b61fc2,40,1600,FALSE,
2702712B-A1E7-43FA-8C75-F84D4BD6D43F,L0008,cf61c903-d398-46c5-8cfa-2ab8613995e6,40,1600,TRUE,
2702712B-A1E7-43FA-8C75-F84D4BD6D43F,L0009,da3e9562-d1e9-4e9f-bbf5-28336a852eac,40,1600,TRUE,
2702712B-A1E7-43FA-8C75-F84D4BD6D43F,L0010,14cd01f9-e598-4539-87fc-7c35c603d2a8,42,1350,FALSE,
2702712B-A1E7-43FA-8C75-F84D4BD6D43F,L0011,532a5968-da54-4d64-b1d3-a92faba4579b,42,1350,FALSE,
2702712B-A1E7-43FA-8C75-F84D4BD6D43F,L0012,6915c6f1-9b5d-45df-a7be-687bd50435fe,43,1600,TRUE,
2702712B-A1E7-43FA-8C75-F84D4BD6D43F,L0013,0c4cb6d4-2c55-4a8b-b250-40d03fb2565f,43,1600,TRUE,
2702712B-A1E7-43FA-8C75-F84D4BD6D43F,L0014,1a1ebe21-c568-40a3-81a6-214e66fdee70,42,1600,FALSE,
2702712B-A1E7-43FA-8C75-F84D4BD6D43F,L0015,60f26c3b-74b9-4614-b879-d6a641c8050e,42,1600,FALSE,
ca9deb3d-d5ee-4c04-895a-eb76a052daa7,L0001,8946c18f-2a7d-4fea-bcd7-3399aa4e27b3,4,1050,FALSE,
ca9deb3d-d5ee-4c04-895a-eb76a052daa7,L0002,9bda2705-50f9-4dc0-9089-e629df901701,4,1200,FALSE,
ca9deb3d-d5ee-4c04-895a-eb76a052daa7,L0003,4808726e-5cd2-43a1-98c2-efe3e5523c26,2,1000,FALSE,
97467425-3024-4e47-a9e4-7fae80ccd880,DW0001,9744bd5d-ffb9-4993-a09e-526e3beb723f,2,,FALSE,
97467425-3024-4e47-a9e4-7fae80ccd880,DW0002,c59045d7-70bc-462f-9dce-6be930bcc6aa,2,,FALSE,
97467425-3024-4e47-a9e4-7fae80ccd880,L0001,b3ace415-638a-4c17-915d-0bfc68b0836f,5,1000,FALSE,57e563e9-cfc1-4f9b-885e-c9c59f076275
97467425-3024-4e47-a9e4-7fae80ccd880,L0002,5f17e7cd-16ae-4ece-88de-c9d032d1e9b6,5,1000,FALSE,57e563e9-cfc1-4f9b-885e-c9c59f076275
97467425-3024-4e47-a9e4-7fae80ccd880,L0003,0803f15f-a995-42b5-a6b9-32c3bd644aca,5,1275,FALSE,57e563e9-cfc1-4f9b-885e-c9c59f076275
97467425-3024-4e47-a9e4-7fae80ccd880,L0004,96011489-a1fb-4e4a-a73e-b5de1daadc0a,5,1600,FALSE,57e563e9-cfc1-4f9b-885e-c9c59f076275
97467425-3024-4e47-a9e4-7fae80ccd880,L0005,a6e1761f-fbb9-4137-b26a-58b4c50d247b,2,1000,FALSE,57e563e9-cfc1-4f9b-885e-c9c59f076275
97467425-3024-4e47-a9e4-7fae80ccd880,L0006,a8b0f63b-c169-4649-9f5e-7c47e5ff7ef1,2,800,FALSE,39f5db17-8285-4faa-bd5e-042c9a12c797
97467425-3024-4e47-a9e4-7fae80ccd880,PL0001,94ac06ad-fa44-446a-808e-347211403afd,2,,FALSE,
F3E662E0-2276-4959-AEF7-FAA08D2B5257,L0001,fda18a3d-c38a-3b46-7e3b-967bf0f7e3f3,8,630,FALSE,
F3E662E0-2276-4959-AEF7-FAA08D2B5257,L0002,0fe2fecb-e38e-5a2a-af59-2707cc11ff5b,8,630,FALSE,
F3E662E0-2276-4959-AEF7-FAA08D2B5257,L0003,a48f0b30-bf0e-4e70-40fb-ba45fbd86277,8,630,FALSE,
F3E662E0-2276-4959-AEF7-FAA08D2B5257,L0004,acc7bed8-3623-49a6-83fe-d7e45ff794f5,8,630,FALSE,
F3E662E0-2276-4959-AEF7-FAA08D2B5257,L0005,975636a9-e9ba-9b22-ee3f-75595e3b37d3,8,630,FALSE,
F3E662E0-2276-4959-AEF7-FAA08D2B5257,L0006,ae51a7d8-481e-4fcd-396e-f0e4a4101ac2,8,630,FALSE,
F3E662E0-2276-4959-AEF7-FAA08D2B5257,L0007,f756118c-6fa5-1c9c-bab1-9a1fb065732d,8,630,FALSE,
F3E662E0-2276-4959-AEF7-FAA08D2B5257,L0008,9b8e087d-58ac-dad5-a3e2-0bc197ef5a02,8,630,FALSE,
F3E662E0-2276-4959-AEF7-FAA08D2B5257,L0009,85f2678c-e9f1-0543-370f-755a97be4031,8,630,FALSE,
F3E662E0-2276-4959-AEF7-FAA08D2B5257,L0010,4b020636-dcdd-cfdc-8be1-c61499ef6b36,8,630,FALSE,
F3E662E0-2276-4959-AEF7-FAA08D2B5257,L0011,a9133d44-a9f1-3ce5-d6f6-3446b38d654f,8,630,FALSE,
F3E662E0-2276-4959-AEF7-FAA08D2B5257,L0012,e84ce413-5351-385f-8a37-e67ca1473b32,8,630,FALSE,
F3E662E0-2276-4959-AEF7-FAA08D2B5257,L0013,226c968e-45ab-8494-88db-abdb8b9dc50e,8,630,FALSE,
F3E662E0-2276-4959-AEF7-FAA08D2B5257,L0014,44b4142f-731c-52ba-fb85-4e33f0138057,8,630,FALSE,
F3E662E0-2276-4959-AEF7-FAA08D2B5257,L0015,0342f063-9d1c-25b0-adfc-702071043bf9,8,630,FALSE,
F3E662E0-2276-4959-AEF7-FAA08D2B5257,L0016,1520cc81-eb9e-e3e3-e06a-4bd8e494956b,8,630,FALSE,
F3E662E0-2276-4959-AEF7-FAA08D2B5257,L0017,43c0e815-31be-2216-4baf-2116849f6cd1,8,630,FALSE,
F3E662E0-2276-4959-AEF7-FAA08D2B5257,L0018,a9b19227-2944-4159-da1a-428d36c664ce,8,630,FALSE,
F3E662E0-2276-4959-AEF7-FAA08D2B5257,L0019,14d10525-caa0-5170-7a0a-4dbed7d239cc,8,630,FALSE,
F3E662E0-2276-4959-AEF7-FAA08D2B5257,L0020,03138921-356e-2526-14bd-071b017485cf,8,630,FALSE,
F3E662E0-2276-4959-AEF7-FAA08D2B5257,L0021,d476faf8-1f79-04cf-a749-00209578de88,8,630,FALSE,
F3E662E0-2276-4959-AEF7-FAA08D2B5257,L0022,a7343b28-45fe-e10d-cee0-22b996573a47,8,630,FALSE,
F3E662E0-2276-4959-AEF7-FAA08D2B5257,L0023,8b50c67a-d431-6acb-897c-548ad78b7060,8,630,FALSE,
F3E662E0-2276-4959-AEF7-FAA08D2B5257,L0024,dc9812df-2387-709b-7205-149d967624c1,8,630,FALSE,
F3E662E0-2276-4959-AEF7-FAA08D2B5257,L0025,5d5ae455-93b5-83e0-f8c5-fe9433a246ae,8,630,FALSE,
F3E662E0-2276-4959-AEF7-FAA08D2B5257,L0026,74db6761-09aa-68fc-748e-0fe754c7d8c3,8,630,FALSE,
F3E662E0-2276-4959-AEF7-FAA08D2B5257,L0027,2cece20c-b148-db85-5954-0a5efadaa7d5,8,630,FALSE,
F3E662E0-2276-4959-AEF7-FAA08D2B5257,L0028,3c708ae6-34c4-3773-1b44-860415dd15c5,8,630,FALSE,
F3E662E0-2276-4959-AEF7-FAA08D2B5257,L0029,74fb34d4-e362-d11e-edc1-ddd6d6a57b99,8,630,FALSE,
F3E662E0-2276-4959-AEF7-FAA08D2B5257,L0030,2499e67b-77ed-547d-79f9-57a5cadc9931,8,630,FALSE,
F3E662E0-2276-4959-AEF7-FAA08D2B5257,L0031,31c64f2b-1165-2341-58e6-30f871866247,8,630,FALSE,
F3E662E0-2276-4959-AEF7-FAA08D2B5257,L0032,7b6d6869-f4ca-8017-f60b-9529fe512dab,8,630,FALSE,
F3E662E0-2276-4959-AEF7-FAA08D2B5257,L0033,70f8e8f9-f645-ff52-f70c-118b6adc31c2,8,630,FALSE,
F3E662E0-2276-4959-AEF7-FAA08D2B5257,L0034,ed540089-f2ae-4ba9-d941-8b4dcf21bcc7,8,630,FALSE,
F3E662E0-2276-4959-AEF7-FAA08D2B5257,L0035,1389b9f6-6f29-2895-36fb-cdd0b1819ff3,8,630,FALSE,
F3E662E0-2276-4959-AEF7-FAA08D2B5257,L0036,f8ac25b1-3a85-6ff0-e9d0-a7351572fba4,8,630,FALSE,
F3E662E0-2276-4959-AEF7-FAA08D2B5257,L0037,19f5cac9-0ece-eb11-30a1-b9554062f58b,8,630,FALSE,
F3E662E0-2276-4959-AEF7-FAA08D2B5257,L0038,5c9f325a-d011-d654-909b-95874446d6a9,8,630,FALSE,
F3E662E0-2276-4959-AEF7-FAA08D2B5257,L0039,4ea18147-e5fe-c5e4-88e2-6b68cc3f81e3,8,630,FALSE,
3b17cc5c-76ef-4e87-af6f-ea83aed78933,L0001,d3de885a-2337-43d9-abe5-a6f5beca75c0,,,FALSE,
943A12D2-B154-408B-BD71-6FB3F860CAC8,L0001,35fdf976-6555-501f-3851-9698374d5eb8,,,FALSE,
72A4E017-677E-4C04-8946-3A941DA81F07,L0001,8c7ef874-277e-9a5e-a9b4-cee6bcc0eb30,15,630,FALSE,
72A4E017-677E-4C04-8946-3A941DA81F07,L0002,474c3524-01fa-11d5-0e66-e8e1da541609,15,1600,FALSE,
72A4E017-677E-4C04-8946-3A941DA81F07,L0003,39bf85c9-4fba-bfeb-79ed-1aec97f0e476,15,1600,FALSE,
72A4E017-677E-4C04-8946-3A941DA81F07,L0003,996e2f5e-5542-45b8-a4f4-f744d08a90ce,,,FALSE,
72A4E017-677E-4C04-8946-3A941DA81F07,L0004,0564a8e3-3211-494a-7f97-8196c16e5529,14,630,FALSE,
72A4E017-677E-4C04-8946-3A941DA81F07,L0005,77d5ba6f-3330-72d5-9965-16a768c2378f,17,630,FALSE,
72A4E017-677E-4C04-8946-3A941DA81F07,L0005,ca2518c6-bff0-4f0c-84ba-29280804d451,,,FALSE,
72A4E017-677E-4C04-8946-3A941DA81F07,L0006,6c5c23c5-85c5-bfa8-37a6-cf44a9dc92d8,17,1600,FALSE,
72A4E017-677E-4C04-8946-3A941DA81F07,L0007,2d000909-1b86-5d82-5b93-322960d7bf28,17,1600,FALSE,
72A4E017-677E-4C04-8946-3A941DA81F07,L0007,0ffc6674-a09d-49ab-b6a4-00fdd49e3293,,,FALSE,
72A4E017-677E-4C04-8946-3A941DA81F07,L0008,895aad11-5489-e982-60d4-13fcb8eb6933,16,630,FALSE,
72A4E017-677E-4C04-8946-3A941DA81F07,L0009,82e2f0fb-a314-42bd-5ea7-b83cff5be396,15,630,FALSE,
72A4E017-677E-4C04-8946-3A941DA81F07,L0010,92516884-aa8f-9d3f-1a4f-64440e18f6ef,15,1600,FALSE,
72A4E017-677E-4C04-8946-3A941DA81F07,L0011,b4f83256-8234-1b99-0d7d-bb7ca164aa46,15,1600,FALSE,
72A4E017-677E-4C04-8946-3A941DA81F07,L0012,bc7848f4-c0c2-2b86-3eee-6fe596a67d8b,14,630,FALSE,
07AEFB68-2673-4B70-A963-413918AF6741,L0001,58315691-f286-43b8-402f-2782e4dc0efd,,,FALSE,
07AEFB68-2673-4B70-A963-413918AF6741,L0002,359d1c28-e62f-83fb-1e12-f50b320661e1,,,FALSE,
07AEFB68-2673-4B70-A963-413918AF6741,L0003,a8a2272c-8c1c-5338-e429-64fe7f70db6b,,,FALSE,
07AEFB68-2673-4B70-A963-413918AF6741,L0004,8d8d0b6f-1c11-328f-0415-b127ac888878,,,FALSE,
07AEFB68-2673-4B70-A963-413918AF6741,L0005,a1eb49ba-a00b-1361-72ed-dad5f479160f,,,FALSE,
07AEFB68-2673-4B70-A963-413918AF6741,L0006,d7b512c3-3b2d-a8f0-c1a5-ce6ec6a761c4,,,FALSE,
07AEFB68-2673-4B70-A963-413918AF6741,L0007,c0c5068d-f2c2-0c21-361a-cb4c251e2ff8,,,FALSE,
07AEFB68-2673-4B70-A963-413918AF6741,L0010,24b76d06-3705-3c4d-6084-d8962f6181c7,,,FALSE,
07AEFB68-2673-4B70-A963-413918AF6741,L0010,331af0c6-b3b2-49f8-99ff-122d2f8d9ddb,,,FALSE,
A14A73A4-6449-4ED8-96BB-94AE30C5A311,L0001,b08eb4de-a335-426a-959d-67a1dc76d9fc,50,1350,FALSE,
A14A73A4-6449-4ED8-96BB-94AE30C5A311,L0002,29514922-9716-44c5-8f12-996a62af1f1f,50,1350,FALSE,
A14A73A4-6449-4ED8-96BB-94AE30C5A311,L0003,8a48e604-9c35-4683-b5f2-ca8708e8c0de,50,1350,FALSE,
A14A73A4-6449-4ED8-96BB-94AE30C5A311,L0004,37f4eac8-2d56-49ee-b617-c020b47d28f7,50,1350,FALSE,
A14A73A4-6449-4ED8-96BB-94AE30C5A311,L0005,b875cbfb-a468-448e-97a2-d32dc9a2c4c3,50,1350,FALSE,
A14A73A4-6449-4ED8-96BB-94AE30C5A311,L0006,5509a6bf-4359-4c1b-9092-ceab8833b2af,51,1600,TRUE,
A14A73A4-6449-4ED8-96BB-94AE30C5A311,L0007,480a51cb-91ca-4911-9ea5-73d3b475e167,51,1600,TRUE,
016A3ACC-14B7-48A0-A8C1-C5485BD40EDD,L0001,4d158aaf-7774-49b4-aa1e-9e6848fed502,31,1600,TRUE,
016A3ACC-14B7-48A0-A8C1-C5485BD40EDD,L0002,8f8b0e04-d1c5-43b5-9e3a-60462d7a1863,31,1600,TRUE,
016A3ACC-14B7-48A0-A8C1-C5485BD40EDD,L0003,fb064ea8-072c-4e27-8ed4-d2054e7787a4,31,800,FALSE,
016A3ACC-14B7-48A0-A8C1-C5485BD40EDD,L0004,0f51f894-25ac-4327-8ccf-f49cf7c3564f,3,630,FALSE,
016A3ACC-14B7-48A0-A8C1-C5485BD40EDD,L0005,1784a564-91fa-4fa6-8557-f2a477f84ed9,7,1000,FALSE,
CA21A428-93AA-4FDF-980E-486EC36530FC,L0001,5d7554b2-1e60-1a8b-f8ac-3a4df3468575,28,,FALSE,
CA21A428-93AA-4FDF-980E-486EC36530FC,L0002,f02ccae9-85d2-c69a-00b3-b92d02caa544,27,,FALSE,
CA21A428-93AA-4FDF-980E-486EC36530FC,L0003,0e4e6e14-1a52-0abf-679e-27819ee3192e,27,,FALSE,
CA21A428-93AA-4FDF-980E-486EC36530FC,L0004,684e7e4d-f989-d032-078a-cddb02a91a22,28,,FALSE,
f38187c6-ded0-4c0b-a01c-7b024ab809fb,L0801,a95c1fed-1fed-435e-9061-b72242803dbf,11,1275,FALSE,
f38187c6-ded0-4c0b-a01c-7b024ab809fb,L0802,b627be0a-91ce-45f2-861e-a65862598713,11,1275,FALSE,
f38187c6-ded0-4c0b-a01c-7b024ab809fb,L0901,411648e4-a1a2-4f75-9594-47aa4a702122,11,1275,FALSE,
f38187c6-ded0-4c0b-a01c-7b024ab809fb,L0902,7e404047-ce2b-412a-923b-33364f5b8882,11,1275,FALSE,
f38187c6-ded0-4c0b-a01c-7b024ab809fb,L1001,3b8cd3cf-be10-433f-8a3c-baeb0129188d,11,1275,FALSE,
f38187c6-ded0-4c0b-a01c-7b024ab809fb,L1002,b1f801fa-9751-4a3c-adfb-87996f124fa7,11,1275,FALSE,
f38187c6-ded0-4c0b-a01c-7b024ab809fb,L1101,5b449e1d-3bfd-469c-aec9-fbd277083d27,11,1275,FALSE,
f38187c6-ded0-4c0b-a01c-7b024ab809fb,L1102,a9696c79-fd9e-4e45-a3ae-3f6d747edc30,11,1275,FALSE,
f38187c6-ded0-4c0b-a01c-7b024ab809fb,L0601,efa0b793-fd1c-40bd-913f-9737aba96c0b,11,1275,FALSE,
f38187c6-ded0-4c0b-a01c-7b024ab809fb,L0602,702612eb-73e5-4085-b356-c847c14b11a5,11,1275,FALSE,
f38187c6-ded0-4c0b-a01c-7b024ab809fb,L0701,2f9e323a-ccf1-488c-8ca0-8f95e39d499b,11,1275,FALSE,
f38187c6-ded0-4c0b-a01c-7b024ab809fb,L0702,ae21052d-0d6a-4304-89f4-eb1c02d8000b,11,1275,FALSE,
f38187c6-ded0-4c0b-a01c-7b024ab809fb,L0101,e8267e01-2d27-4b7a-9bba-fc5667dd5040,10,1275,FALSE,
f38187c6-ded0-4c0b-a01c-7b024ab809fb,L0102,656ab718-cb57-40d1-9e31-8271f9ad3e7e,10,1275,FALSE,
f38187c6-ded0-4c0b-a01c-7b024ab809fb,L0201,ab7e58a9-13ea-4ac3-9d22-4f73bed3f4c7,10,1275,FALSE,
f38187c6-ded0-4c0b-a01c-7b024ab809fb,L0202,1b6475ce-aa52-4b6e-9eb5-1cd6533f5301,10,1275,FALSE,
f38187c6-ded0-4c0b-a01c-7b024ab809fb,L0301,37974767-4f20-477e-bcc6-dc7ca50ed685,10,1275,FALSE,
f38187c6-ded0-4c0b-a01c-7b024ab809fb,L0302,18516d0d-8b36-41db-b009-17e5e0432e0a,10,1275,FALSE,
f38187c6-ded0-4c0b-a01c-7b024ab809fb,L0501,a949a8c0-958f-4b9b-93f2-5446d9f1004a,10,1275,FALSE,
f38187c6-ded0-4c0b-a01c-7b024ab809fb,L0502,546b3b87-9426-425b-af8f-641eec04b267,10,1275,FALSE,
f38187c6-ded0-4c0b-a01c-7b024ab809fb,L0401,4abd4f0a-3d4f-411f-b354-58bf3afb3b0a,10,1275,FALSE,
f38187c6-ded0-4c0b-a01c-7b024ab809fb,L0402,6de01ac7-4162-4805-8e7d-9e4d0b764ef4,10,1275,FALSE,
55F53FA9-CDDE-4FBA-91A1-FEAFA51B29A0,L0001,74e87051-01e6-0dd0-b9c4-86f29a05d47b,,,FALSE,
E95274D6-921C-43D1-B7C4-4F99A71C4005,L0001,3982d8b2-0848-a2d7-9ee1-642648bae6ce,,,FALSE,
E95274D6-921C-43D1-B7C4-4F99A71C4005,L0002,8cd3f99d-4916-473b-4035-e2cc7c71a073,,,FALSE,
E95274D6-921C-43D1-B7C4-4F99A71C4005,L0003,625a1a88-10c5-dfe7-949e-b487e38a7634,,,FALSE,
9f39081e-da54-4b36-8e76-a61025d8a505,P0001,26c4f4ec-9bef-4199-bed0-ae9d90a95728,20,1000,FALSE,526fd746-78db-423e-bd98-1338f8338f87
9f39081e-da54-4b36-8e76-a61025d8a505,P0002,67ecca93-1d0f-41b3-a994-f1969a655076,20,800,FALSE,526fd746-78db-423e-bd98-1338f8338f87
9f39081e-da54-4b36-8e76-a61025d8a505,P0003,11e0bc87-ec1a-496a-a130-d32c0b856541,20,1000,FALSE,526fd746-78db-423e-bd98-1338f8338f87
9f39081e-da54-4b36-8e76-a61025d8a505,P0004,0d95936b-af73-4534-bf94-0df9145fd061,20,800,FALSE,526fd746-78db-423e-bd98-1338f8338f87
9f39081e-da54-4b36-8e76-a61025d8a505,P0005,278c7a44-85ee-40fa-8dc8-42450dde073d,20,800,FALSE,526fd746-78db-423e-bd98-1338f8338f87
9f39081e-da54-4b36-8e76-a61025d8a505,P0006,a2165e4a-d20b-47bd-af92-04989830974f,20,800,FALSE,526fd746-78db-423e-bd98-1338f8338f87
9f39081e-da54-4b36-8e76-a61025d8a505,P0007,7737b242-dcc7-4d19-a58b-ce8a3dc1f956,16,800,FALSE,526fd746-78db-423e-bd98-1338f8338f87
9f39081e-da54-4b36-8e76-a61025d8a505,P0008,4847c9fb-be91-4e9e-8569-f2924b44c400,16,630,FALSE,526fd746-78db-423e-bd98-1338f8338f87
9f39081e-da54-4b36-8e76-a61025d8a505,P0009,34f277c9-228b-466c-a0fd-eaf417a8a0a5,16,800,FALSE,526fd746-78db-423e-bd98-1338f8338f87
9f39081e-da54-4b36-8e76-a61025d8a505,P0010,9fdcf17b-a796-4163-bd3e-271a8798503c,16,630,FALSE,526fd746-78db-423e-bd98-1338f8338f87
08936dc9-0304-4142-beba-61315bee23b5,L0001,e2af1a9e-da8e-4cab-90eb-8dba48878781,10,800,FALSE,
08936dc9-0304-4142-beba-61315bee23b5,L0002,13651c18-ba72-4bd0-8725-62c4c307fc76,10,1350,FALSE,
3BE4829E-44A4-47CD-BE63-C250C40D1B55,L0001,f2094d52-0004-8ddc-1600-d9733bd68ffc,,,FALSE,
3BE4829E-44A4-47CD-BE63-C250C40D1B55,L0002,21965c7f-bb63-ba46-d3fb-fac2c7349159,,,FALSE,
3BE4829E-44A4-47CD-BE63-C250C40D1B55,L0003,b9dedd24-9967-2378-cb49-2d4aca9d1a6d,,,FALSE,
3BE4829E-44A4-47CD-BE63-C250C40D1B55,L0004,e05a3895-2c70-0194-b746-2028b09c59ee,,,FALSE,
8f2f7aed-4d82-4397-a4ea-323e61adbb46,L0001,9da62ccd-5469-4038-bbce-f01bdadaf5a4,27,,FALSE,
8f2f7aed-4d82-4397-a4ea-323e61adbb46,L0002,01fb04a0-abce-42dd-b127-f396d4400539,27,,FALSE,
8f2f7aed-4d82-4397-a4ea-323e61adbb46,L0003,740ddd51-2dba-486a-bf1e-27dea7569bff,26,,FALSE,
8f2f7aed-4d82-4397-a4ea-323e61adbb46,L0004,497959d8-d7d5-48b3-aaa9-5ed951779cdd,26,,FALSE,
C35D9FF1-3A09-4634-9BFA-87C709266063,L0001,d12e3c4f-0907-40ac-9ec2-7aef4378ad96,,,FALSE,
C35D9FF1-3A09-4634-9BFA-87C709266063,L0002,82db7949-76bb-4bef-be43-91241bd2cdac,,,FALSE,
C35D9FF1-3A09-4634-9BFA-87C709266063,L0003,46319e48-02fd-4ef6-adc3-638add078ae4,,,FALSE,
C35D9FF1-3A09-4634-9BFA-87C709266063,L0004,8b48b838-00fa-5626-e974-7c71103707d2,,,FALSE,
C35D9FF1-3A09-4634-9BFA-87C709266063,L0005,2382b215-d64a-1e6b-f96a-051faa418f23,,,FALSE,
C35D9FF1-3A09-4634-9BFA-87C709266063,L0006,1c9bc14b-a5f5-db40-ab35-0372147dcfb7,,,FALSE,
C35D9FF1-3A09-4634-9BFA-87C709266063,L0007,b06b9bb6-b962-4c63-9c82-f0e4a5f38a6d,,,FALSE,
C35D9FF1-3A09-4634-9BFA-87C709266063,L0008,c8020d68-96b3-9a06-ec73-00686d55f619,,,FALSE,
C35D9FF1-3A09-4634-9BFA-87C709266063,L0009,d6a42e8f-eb7e-f7e9-7e30-a9878a9c0da0,,,FALSE,
C35D9FF1-3A09-4634-9BFA-87C709266063,L0010,66b562ca-7c68-4f82-934c-6c8b9bc3471f,,,FALSE,
C35D9FF1-3A09-4634-9BFA-87C709266063,L0011,8abe9ca4-41d4-473b-aeaa-96e49ed3462d,,,FALSE,
C35D9FF1-3A09-4634-9BFA-87C709266063,L0012,0275b00f-701f-4c49-b7c3-3064685aa3d5,,,FALSE,
C35D9FF1-3A09-4634-9BFA-87C709266063,L0013,1dbf1bcf-4df9-4d67-a00e-58e816f51b68,,,FALSE,
C35D9FF1-3A09-4634-9BFA-87C709266063,L0014,017c5e76-0929-4095-b88a-85ef9ad6ddd9,,,FALSE,
C35D9FF1-3A09-4634-9BFA-87C709266063,L0015,86860aa0-7cc0-8724-b6d4-261db4ff485d,,,FALSE,
C35D9FF1-3A09-4634-9BFA-87C709266063,L0016,0e4421a7-2fcc-2978-463d-d0ab902fec42,,,FALSE,
C35D9FF1-3A09-4634-9BFA-87C709266063,L0017,c1863a6e-14ad-edc0-6fa5-41a214acaaea,,,FALSE,
C35D9FF1-3A09-4634-9BFA-87C709266063,L0018,afb164e2-82fb-e9aa-6c07-9d1c8175c93d,,,FALSE,
C35D9FF1-3A09-4634-9BFA-87C709266063,L0019,d647949e-e29f-9529-8a83-18c598c2fff8,,,FALSE,
C35D9FF1-3A09-4634-9BFA-87C709266063,L0020,3ed5a1e7-004c-24ef-1359-6d8e8d96e625,,,FALSE,
C35D9FF1-3A09-4634-9BFA-87C709266063,L0021,3db3a9f2-5989-3f08-6b27-fe7b9fb80c12,,,FALSE,
C35D9FF1-3A09-4634-9BFA-87C709266063,L0022,09345ce0-94b5-f022-75cb-b3e6cfab0652,,,FALSE,
C35D9FF1-3A09-4634-9BFA-87C709266063,L0023,5f90e3c3-f79b-4493-9dd0-1f8f2325db97,,,FALSE,
C35D9FF1-3A09-4634-9BFA-87C709266063,L0024,590abe14-e3bc-4ef6-a558-d6b083e15709,,,FALSE,
C35D9FF1-3A09-4634-9BFA-87C709266063,L0025,a768190d-57ac-48cf-9d72-b4e14229e0d1,,,FALSE,
C35D9FF1-3A09-4634-9BFA-87C709266063,L0026,0561b023-703f-469c-809b-87c462e11398,,,FALSE,
C35D9FF1-3A09-4634-9BFA-87C709266063,L0027,33edba7e-24e3-4277-888d-255370b9b352,,,FALSE,
C35D9FF1-3A09-4634-9BFA-87C709266063,L0028,4e960d2c-9b49-4e12-8841-9bdb422e04a9,,,FALSE,
42af9194-e383-4f14-92d7-e3ab5d060023,L0001,c19b28f4-e6d7-556b-83bc-a96c47846333,,,FALSE,
dbd32fa4-83cc-4ef2-aeaa-8eef98900c56,L0001,b54ed568-b95d-962f-b9ea-a996572df021,,,FALSE,
3b997bb5-00c5-4577-87b9-e8f1edd0138a,L0001,b7b7ebd1-6c72-40fa-a7d1-0a5bb1448f3e,,,FALSE,
09f3b0fe-b189-4d75-a0ce-6bbab4a07918,L0001,cccec5a8-ae43-4102-bca6-acc60bb42276,,,FALSE,
07bb9243-11c7-4752-b253-97344fa40f3a,P0002,f8527dbe-11c5-4a4a-b1ca-5997f543d3cb,,,FALSE,
0c670545-0080-494a-9715-866f00f3f6d6,E0001,e8d072a8-317f-4c8f-b381-baebd4fc187e,,,FALSE,
aac70fb5-413e-4415-a4c2-43209ede6023,P0001,7877e518-085f-4ae4-af6f-509503848e5f,15,1000,FALSE,
aac70fb5-413e-4415-a4c2-43209ede6023,P0002,afc06d3e-9c2b-4159-b049-b4ee411c7571,15,1000,FALSE,
26da9e97-399d-469c-aa11-e061edd24207,P0001,a887c1bf-a695-4f02-b759-908750ffa434,20,1150,FALSE,
26da9e97-399d-469c-aa11-e061edd24207,P0002,eb1e1b58-c255-407f-a2b6-54a022587f6b,20,1250,FALSE,
769a66f7-239b-4b07-9247-181ba26f119d,L0002,3b256352-0737-448a-b6d0-e858118bafe5,6,1000,FALSE,39f5db17-8285-4faa-bd5e-042c9a12c797
769a66f7-239b-4b07-9247-181ba26f119d,L0003,5b07972e-02ea-42ee-bf57-ba7df2121f2a,6,1000,FALSE,39f5db17-8285-4faa-bd5e-042c9a12c797
769a66f7-239b-4b07-9247-181ba26f119d,L0004,0c95719a-3641-4f58-8228-6c8570ac29ec,6,1000,FALSE,39f5db17-8285-4faa-bd5e-042c9a12c797
769a66f7-239b-4b07-9247-181ba26f119d,L0005,2965f1c7-083b-49eb-827a-f8f5ecfe3737,5,630,FALSE,39f5db17-8285-4faa-bd5e-042c9a12c797
769a66f7-239b-4b07-9247-181ba26f119d,L0006,79c948f9-9615-415e-874d-06f93920e65b,5,630,FALSE,39f5db17-8285-4faa-bd5e-042c9a12c797
769a66f7-239b-4b07-9247-181ba26f119d,L0007,9f5caa99-68f6-4570-afe6-2de94eee0c08,,,FALSE,
769a66f7-239b-4b07-9247-181ba26f119d,L0008,b986ae2e-ffd0-4cb8-8f48-fb5fe87d473a,,,FALSE,
769a66f7-239b-4b07-9247-181ba26f119d,LB0001,ff33a519-c191-4550-b263-c90941da8191,4,1000,FALSE,
769a66f7-239b-4b07-9247-181ba26f119d,LC0001,48dcbe37-8ae3-460c-9190-23d0d4e5b2c9,2,630,FALSE,
b92c6fb2-c824-4dd4-b4f8-0ba598efd62d,L0001,caa2c054-2206-4b4b-9fd8-f52ae6877d72,,,FALSE,
fb450f01-100d-42ab-8f6f-8cf875718dcd,L0010,a6a21426-ab1b-4c48-b5ec-0e9c82be60d6,8,1350,FALSE,57e563e9-cfc1-4f9b-885e-c9c59f076275
fb450f01-100d-42ab-8f6f-8cf875718dcd,L0011,9c943aec-7d5d-4a54-b957-74215e6df4bf,8,1350,FALSE,57e563e9-cfc1-4f9b-885e-c9c59f076275
fb450f01-100d-42ab-8f6f-8cf875718dcd,L0012,47dd2034-68d9-4362-a2b1-66d95e3c4981,8,1350,FALSE,57e563e9-cfc1-4f9b-885e-c9c59f076275
fb450f01-100d-42ab-8f6f-8cf875718dcd,L0013,be797d9f-6d91-43d1-add0-4c3b1e70482a,8,1350,FALSE,57e563e9-cfc1-4f9b-885e-c9c59f076275
fb450f01-100d-42ab-8f6f-8cf875718dcd,L0014,29c830df-6119-46de-82e9-cf0f158691c2,8,1350,FALSE,57e563e9-cfc1-4f9b-885e-c9c59f076275
fb450f01-100d-42ab-8f6f-8cf875718dcd,L0015,dec77f86-79eb-4bed-8ec3-33f99fc5dd3d,8,1350,FALSE,57e563e9-cfc1-4f9b-885e-c9c59f076275
fb450f01-100d-42ab-8f6f-8cf875718dcd,L0016,63c41949-2e14-4f22-8119-627840245d91,8,1350,FALSE,57e563e9-cfc1-4f9b-885e-c9c59f076275
fb450f01-100d-42ab-8f6f-8cf875718dcd,L0017,69730df0-8510-4627-8905-34db540c2bc9,8,1350,FALSE,57e563e9-cfc1-4f9b-885e-c9c59f076275
fb450f01-100d-42ab-8f6f-8cf875718dcd,L0018,852acbdb-b60c-4e20-bf29-56f7d54a22ca,8,1350,FALSE,57e563e9-cfc1-4f9b-885e-c9c59f076275
fb450f01-100d-42ab-8f6f-8cf875718dcd,L0019,5fba8734-2215-42c8-96f7-cc5ade5ec6fd,7,1350,FALSE,57e563e9-cfc1-4f9b-885e-c9c59f076275
fb450f01-100d-42ab-8f6f-8cf875718dcd,L0020,3ecb8a18-1e3d-42e7-b29c-72d11c3bcfe8,7,1350,FALSE,57e563e9-cfc1-4f9b-885e-c9c59f076275
fb450f01-100d-42ab-8f6f-8cf875718dcd,L0021,6b6526f0-d9ad-4624-afc5-f370c4bafa42,7,1350,FALSE,57e563e9-cfc1-4f9b-885e-c9c59f076275
52008f18-ba5b-4a6c-a3c2-11b3b04a12ec,L0001,aa6bd569-3c69-41fe-bd85-f1c060c6ef69,6,1350,FALSE,39f5db17-8285-4faa-bd5e-042c9a12c797
52008f18-ba5b-4a6c-a3c2-11b3b04a12ec,L0002,7207f5d6-9bf9-4db9-bd13-3b1326b61035,6,1350,FALSE,39f5db17-8285-4faa-bd5e-042c9a12c797
aa0b9453-b8ba-4dbc-8979-c1022c5aeac2,L0001,ab48e392-0554-43d0-9cea-6085e2ac39f5,2,1250,FALSE,526fd746-78db-423e-bd98-1338f8338f87
4786fd1f-1178-455d-8319-f9da57fd8b64,L0001,c1ed5a20-57d6-43cd-8a6b-6c064adf4c54,3,1000,FALSE,57e563e9-cfc1-4f9b-885e-c9c59f076275
79ec2226-b764-414f-a89b-8b373172eccd,L0001,b68cbb3d-005b-4006-80bb-e5b278f4b629,,,FALSE,
49abdf1f-68e9-42f1-ab2d-8bc5c3a6fd07,L0001,338ebe09-e590-4173-aa69-0554534e06c4,22,1600,FALSE,57e563e9-cfc1-4f9b-885e-c9c59f076275
49abdf1f-68e9-42f1-ab2d-8bc5c3a6fd07,L0002,0e26d4c7-f5cd-4721-935a-4391c19bc19b,22,1600,FALSE,57e563e9-cfc1-4f9b-885e-c9c59f076275
49abdf1f-68e9-42f1-ab2d-8bc5c3a6fd07,L0003,85d5c138-b784-40b9-b67e-5052cf9a60d2,21,680,TRUE,57e563e9-cfc1-4f9b-885e-c9c59f076275
49abdf1f-68e9-42f1-ab2d-8bc5c3a6fd07,L0004,67ed1ee2-7ade-42f4-98f5-7d1e3f409212,21,680,TRUE,57e563e9-cfc1-4f9b-885e-c9c59f076275
0fd47e4e-273e-460f-8104-df710082a6e3,L0001,ac732495-379c-4b0e-a170-380ba06d4d07,6,1000,FALSE,39f5db17-8285-4faa-bd5e-042c9a12c797
4e488bc2-3912-46f1-991c-d248c6def61d,L0001,ee07bf10-6b10-48ca-a004-66d0879ef6e3,3,450,FALSE,57e563e9-cfc1-4f9b-885e-c9c59f076275
d0612a34-384f-4c73-92eb-c87f1c9ec412,L0001,50025164-53ff-4429-a27c-f4fbb9248d48,4,680,FALSE,57e563e9-cfc1-4f9b-885e-c9c59f076275
89b62d34-69c6-4d75-9082-21ae2a575cd2,L0001,71c327a4-ebeb-4ac8-83d2-20b20f50a61f,6,1000,FALSE,57e563e9-cfc1-4f9b-885e-c9c59f076275
baf8c1ad-ba54-4470-8429-9ea13b05d403,L0001,40a2dd99-eaf6-4ed6-a449-de1da383d945,20,1000,FALSE,57e563e9-cfc1-4f9b-885e-c9c59f076275
baf8c1ad-ba54-4470-8429-9ea13b05d403,L0002,9fa33256-4423-4c5c-8101-a1d1cdadf890,20,1000,FALSE,57e563e9-cfc1-4f9b-885e-c9c59f076275
baf8c1ad-ba54-4470-8429-9ea13b05d403,L0003,b7b0c51d-a395-47bc-b1be-746e47f7a8b7,20,1600,TRUE,57e563e9-cfc1-4f9b-885e-c9c59f076275
baf8c1ad-ba54-4470-8429-9ea13b05d403,L0004,2687078c-7a7b-4099-b0cb-7f3e7806ea8b,20,1600,TRUE,57e563e9-cfc1-4f9b-885e-c9c59f076275
baf8c1ad-ba54-4470-8429-9ea13b05d403,L0005,b98e1dc4-6514-4842-8bab-752367ef6926,19,1000,FALSE,57e563e9-cfc1-4f9b-885e-c9c59f076275
baf8c1ad-ba54-4470-8429-9ea13b05d403,L0006,3678234e-08ae-4a3f-964c-01834a461cb0,19,1000,FALSE,57e563e9-cfc1-4f9b-885e-c9c59f076275
baf8c1ad-ba54-4470-8429-9ea13b05d403,L0007,d5d631af-2b19-479c-bc4e-274d99d85598,19,1600,TRUE,57e563e9-cfc1-4f9b-885e-c9c59f076275
baf8c1ad-ba54-4470-8429-9ea13b05d403,L0008,611d6359-fb16-4a36-b72f-59205d8d8b23,19,1600,TRUE,57e563e9-cfc1-4f9b-885e-c9c59f076275
DC975886-9BF9-42C8-AFBE-87695AA01262,L0001,7a790546-9f62-4cfa-9f5a-bdc471d436e0,44,,FALSE,
DC975886-9BF9-42C8-AFBE-87695AA01262,L0002,1cd90117-e881-4f72-a91b-77348c50810d,44,,FALSE,
eec3d256-1657-4bbd-b4f6-e7b43062d791,L0001,2a1f5568-a000-497a-a42d-6fcd4953c826,21,,FALSE,57e563e9-cfc1-4f9b-885e-c9c59f076275
eec3d256-1657-4bbd-b4f6-e7b43062d791,L0002,555991b2-8239-4df7-a4f0-c06ca2b43f4a,21,,FALSE,57e563e9-cfc1-4f9b-885e-c9c59f076275
eec3d256-1657-4bbd-b4f6-e7b43062d791,L0003,4611a135-3fbd-46c3-af51-1c2c8c196d78,20,,FALSE,57e563e9-cfc1-4f9b-885e-c9c59f076275
eec3d256-1657-4bbd-b4f6-e7b43062d791,L0004,671b4347-3b9f-48c7-8631-34c998ae43d2,2,,FALSE,57e563e9-cfc1-4f9b-885e-c9c59f076275
1e6586c3-730a-4da0-87b6-442e59ac3426,L0001,67bccd8c-0455-41ce-8dcc-4510e03a219e,,,FALSE,
e8770a08-9484-4394-9de3-e3935258b642,L0001,9415c53d-fa17-435d-bbc0-8212e032faa1,15,1600,TRUE,57e563e9-cfc1-4f9b-885e-c9c59f076275
e8770a08-9484-4394-9de3-e3935258b642,L0002,0f44d9fb-e677-48d5-bb6b-5e229369496b,15,1600,TRUE,57e563e9-cfc1-4f9b-885e-c9c59f076275
e8770a08-9484-4394-9de3-e3935258b642,L0003,ea37bd87-73e2-4ff9-922e-9e7c00db5139,15,1000,FALSE,57e563e9-cfc1-4f9b-885e-c9c59f076275
e8770a08-9484-4394-9de3-e3935258b642,L0004,c8ca033e-04d5-411d-82c8-3052cbf282ca,15,1000,FALSE,57e563e9-cfc1-4f9b-885e-c9c59f076275
e8770a08-9484-4394-9de3-e3935258b642,L0005,e3256505-c9dc-42b7-b772-2c606297d5df,5,630,FALSE,57e563e9-cfc1-4f9b-885e-c9c59f076275
e8770a08-9484-4394-9de3-e3935258b642,L0006,1ac41be7-02b4-4eac-8624-478ad207b49a,6,1000,FALSE,57e563e9-cfc1-4f9b-885e-c9c59f076275
e8770a08-9484-4394-9de3-e3935258b642,L0007,ea2e25ad-5c3c-4ed8-8663-b1e78ea6fefb,6,1000,FALSE,57e563e9-cfc1-4f9b-885e-c9c59f076275
e8770a08-9484-4394-9de3-e3935258b642,L0008,dc82bb5e-8485-484c-b7e7-12b3b7f182ba,6,1000,FALSE,57e563e9-cfc1-4f9b-885e-c9c59f076275
dface0a5-db2c-4fc9-93e6-ba7fc760d878,L0001,6d143f77-4450-4110-9d30-5cd7bd633db2,,,FALSE,
dface0a5-db2c-4fc9-93e6-ba7fc760d878,L0002,3c63dccf-612d-4067-8d8a-007582f368af,,,FALSE,
dface0a5-db2c-4fc9-93e6-ba7fc760d878,L0003,45557257-306c-4a63-a355-46727485b319,,,FALSE,
dface0a5-db2c-4fc9-93e6-ba7fc760d878,L0004,b549d082-06ac-442e-b0e3-be751bae7395,,,FALSE,
718513f9-2755-4018-830d-913ed00cc4ed,L0001,e76a9e11-3057-4418-bf80-92aa63c32a7e,11,1000,FALSE,57e563e9-cfc1-4f9b-885e-c9c59f076275
718513f9-2755-4018-830d-913ed00cc4ed,L0002,f4acf999-e300-4c91-9ff1-9f5ad8d0a3e0,11,1350,FALSE,57e563e9-cfc1-4f9b-885e-c9c59f076275
9ef4122a-07e1-41a6-9b9e-b496ab6bc865,L0001,64aa4893-818a-490b-b19a-40e636ad5153,28,,FALSE,57e563e9-cfc1-4f9b-885e-c9c59f076275
9ef4122a-07e1-41a6-9b9e-b496ab6bc865,L0002,9b8555be-e777-454e-83cb-7798ba21b9a2,28,,FALSE,57e563e9-cfc1-4f9b-885e-c9c59f076275
9ef4122a-07e1-41a6-9b9e-b496ab6bc865,L0003,4b633684-c05b-4d42-a624-0e6c22be11c4,28,,FALSE,57e563e9-cfc1-4f9b-885e-c9c59f076275
9ef4122a-07e1-41a6-9b9e-b496ab6bc865,L0004,51d3ca47-31bb-46e6-b620-9fe36de3bc07,28,,FALSE,57e563e9-cfc1-4f9b-885e-c9c59f076275
9ef4122a-07e1-41a6-9b9e-b496ab6bc865,L0005,4b7c7eed-1f38-4c57-a825-f0c7c816b739,28,,FALSE,57e563e9-cfc1-4f9b-885e-c9c59f076275
9ef4122a-07e1-41a6-9b9e-b496ab6bc865,L0006,8db587db-a85f-4a6c-a022-e3c9f4014806,28,,FALSE,57e563e9-cfc1-4f9b-885e-c9c59f076275
7c5fe502-ef1c-4e5a-a31e-4f338243d134,L0001,e5fe27fb-710f-4699-9a9f-5ef30aa1c5c3,12,1800,FALSE,57e563e9-cfc1-4f9b-885e-c9c59f076275
7c5fe502-ef1c-4e5a-a31e-4f338243d134,L0002,74572f8d-e93f-4491-b323-58e71ebeb32b,11,1800,FALSE,57e563e9-cfc1-4f9b-885e-c9c59f076275
42a65f49-f18f-4bda-9070-13bd45302953,L0002,b3532a15-7ef4-415e-8703-b920c5e5c5a7,6,1600,FALSE,
42a65f49-f18f-4bda-9070-13bd45302953,L0003,4c342a5c-78d1-4287-9bd7-8aac41533cbe,6,1600,FALSE,
d5d18a0f-96b4-4fd2-b0f3-8711fd2250fb,L0001,5efb5efb-a795-4942-b6e6-35bfb79350cc,5,1350,FALSE,57e563e9-cfc1-4f9b-885e-c9c59f076275
be3b2e15-69c7-4585-8ba0-b2a9becf2a62,L0001,798fbc02-1819-429d-a569-d6cd6957ef89,,,FALSE,
241bb860-e2e9-420d-86c8-20fe3416d93c,L0002,914f89ae-27ff-4593-b245-80c662cb0c82,17,1600,FALSE,526fd746-78db-423e-bd98-1338f8338f87
943421a8-3197-42e0-8e9e-c06fcef579af,L0001,2353bd07-aa9f-47a7-8071-81a7dc77eb49,18,1600,TRUE,39f5db17-8285-4faa-bd5e-042c9a12c797
943421a8-3197-42e0-8e9e-c06fcef579af,L0002,a6d151a0-c76a-488b-b59d-c51c878ef1a5,18,1600,TRUE,39f5db17-8285-4faa-bd5e-042c9a12c797
943421a8-3197-42e0-8e9e-c06fcef579af,L0003,7e591f97-b719-44fc-b688-f2e8a731fd0f,18,800,FALSE,39f5db17-8285-4faa-bd5e-042c9a12c797
4e3be3fc-fc98-490b-bb3a-cf4d1eb35df5,L0001,56d4bcbe-c742-4e4e-81cd-4317606a28e1,14,,FALSE,57e563e9-cfc1-4f9b-885e-c9c59f076275
a7180120-519b-4c0c-9eed-bf3eb90a8f85,L0001,2846fd76-5bcc-4ad5-98c7-fa50d883a07e,8,,FALSE,57e563e9-cfc1-4f9b-885e-c9c59f076275
a7180120-519b-4c0c-9eed-bf3eb90a8f85,L0002,59d9252a-404b-4d44-a45f-1d4d2c4e8f50,8,,FALSE,57e563e9-cfc1-4f9b-885e-c9c59f076275
a7180120-519b-4c0c-9eed-bf3eb90a8f85,L0003,88985aad-358b-45fd-a7e8-d6b95d04171f,9,,FALSE,57e563e9-cfc1-4f9b-885e-c9c59f076275
21bca106-f31b-4dea-a174-984a6618d488,L0001,74a53d16-15fd-422e-810a-df26f3a30a07,24,,FALSE,57e563e9-cfc1-4f9b-885e-c9c59f076275
21bca106-f31b-4dea-a174-984a6618d488,L0002,0c51d5be-ac54-44aa-b78f-08f7274eed21,24,,FALSE,57e563e9-cfc1-4f9b-885e-c9c59f076275
1aa74853-22c6-45d3-bcb4-8a6ad960c25d,L0001,a28eee52-a759-4b1d-baa2-96f083d4b06e,19,,FALSE,39f5db17-8285-4faa-bd5e-042c9a12c797
1aa74853-22c6-45d3-bcb4-8a6ad960c25d,L0002,e098086c-d89e-4b7c-9dfc-ec9d2557e1c4,19,,FALSE,39f5db17-8285-4faa-bd5e-042c9a12c797
0f3d70dc-38b6-492f-8399-6ef5ea0c155a,L0001,9bd44f5a-4deb-4a98-b926-9a86f8a27a12,10,1600,FALSE,57e563e9-cfc1-4f9b-885e-c9c59f076275
0f3d70dc-38b6-492f-8399-6ef5ea0c155a,L0002,9d1e04d8-a003-4101-8113-b0713011bb3d,10,1000,FALSE,57e563e9-cfc1-4f9b-885e-c9c59f076275
9f39081e-da54-4b36-8e76-a61025d8a505,AD001,92d88658-0f88-4657-89fd-d881f668613c,5,630,FALSE,526fd746-78db-423e-bd98-1338f8338f87
ac083c0a-9561-4cd2-88ca-726ff7544bbc,L0001,6a4d4623-688f-4c70-b6aa-6760fb49ad42,13,1250,FALSE,39f5db17-8285-4faa-bd5e-042c9a12c797
ac083c0a-9561-4cd2-88ca-726ff7544bbc,L0002,12a49028-5e59-473b-9bc8-6e8d503f3198,13,1250,FALSE,39f5db17-8285-4faa-bd5e-042c9a12c797
d1d7ae1c-04a3-4029-b082-195acb8392cf,L0001,ca67dc94-889a-47af-ac5b-82f752ad65ce,6,630,FALSE,526fd746-78db-423e-bd98-1338f8338f87
d1d7ae1c-04a3-4029-b082-195acb8392cf,L0002,14cc7cde-9413-4094-b97d-34574253721c,8,630,FALSE,526fd746-78db-423e-bd98-1338f8338f87
3655c52a-d5cf-463b-9048-b80f859c6f59,L0001,43f03da5-da8b-414d-bfa3-2b8b6ae9bb1a,4,,FALSE,57e563e9-cfc1-4f9b-885e-c9c59f076275
3655c52a-d5cf-463b-9048-b80f859c6f59,L0002,d35b34db-daf9-4230-a93d-0a59d9c5570e,4,,FALSE,57e563e9-cfc1-4f9b-885e-c9c59f076275
9f39081e-da54-4b36-8e76-a61025d8a505,AD002,edee3530-e48f-40a1-9766-06052b5e6073,6,1000,FALSE,526fd746-78db-423e-bd98-1338f8338f87
1f12a81b-7b38-4373-9cd3-33d000f982e9,L0001,12730688-0408-4d04-9d1d-3606e951bd5b,11,1000,FALSE,b9c49d83-3e3f-48b9-8b44-b93fa694cf44
1f12a81b-7b38-4373-9cd3-33d000f982e9,L0002,49f52c61-baf8-421c-953a-eda8e4be3b7b,11,1000,FALSE,b9c49d83-3e3f-48b9-8b44-b93fa694cf44
1f12a81b-7b38-4373-9cd3-33d000f982e9,L0003,018ded48-97b0-441d-a248-6f1f7469a5a4,30,1250,FALSE,b9c49d83-3e3f-48b9-8b44-b93fa694cf44
1f12a81b-7b38-4373-9cd3-33d000f982e9,L0004,162b9e51-88fb-480d-bb6f-a379dc50d8c1,30,1250,FALSE,b9c49d83-3e3f-48b9-8b44-b93fa694cf44
c762633f-b0e3-47f6-a2e8-5806a4e23810,P0001,69f58c88-11c6-42ec-a4c0-d025628885f9,5,1600,FALSE,57e563e9-cfc1-4f9b-885e-c9c59f076275
c762633f-b0e3-47f6-a2e8-5806a4e23810,P0002,5a169cc3-bddb-4feb-af38-0e40d11d5483,5,1000,FALSE,57e563e9-cfc1-4f9b-885e-c9c59f076275
f67cc96b-365f-4a30-9819-a3ee7ad41b1f,P0001,48c6c247-680f-49f6-ac20-879e05021b5b,28,1000,FALSE,57e563e9-cfc1-4f9b-885e-c9c59f076275
f67cc96b-365f-4a30-9819-a3ee7ad41b1f,P0002,f5c9d0eb-dc5b-4d22-8220-900a5925e608,28,1000,FALSE,57e563e9-cfc1-4f9b-885e-c9c59f076275
f67cc96b-365f-4a30-9819-a3ee7ad41b1f,P0003,c7bb2842-90e3-4c4a-9cd8-424ca1be180a,28,1600,TRUE,57e563e9-cfc1-4f9b-885e-c9c59f076275
f67cc96b-365f-4a30-9819-a3ee7ad41b1f,P0004,00cac282-675c-407f-a45c-46c46168cd29,28,1600,TRUE,57e563e9-cfc1-4f9b-885e-c9c59f076275
dce0c25d-2328-47eb-b618-e79816e83ab5,P0001,bbe30a3d-303f-48bf-a55c-b471bed4068c,2,,FALSE,526fd746-78db-423e-bd98-1338f8338f87
77870b21-c14a-45d4-aa7d-232c06258f78,P0001,23829e66-1c83-4e1a-88a6-5c60f1c29b8f,,,FALSE,57e563e9-cfc1-4f9b-885e-c9c59f076275
49fdcdd0-d6e8-4a1e-9564-b877be4811d5,L0001,8a347eb8-4e10-4b3c-8d4c-684531bf5130,11,1000,FALSE,57e563e9-cfc1-4f9b-885e-c9c59f076275
49fdcdd0-d6e8-4a1e-9564-b877be4811d5,L0002,94516544-e56c-45d1-9ebf-d12ad9bac2fd,11,1000,FALSE,57e563e9-cfc1-4f9b-885e-c9c59f076275
49fdcdd0-d6e8-4a1e-9564-b877be4811d5,L0003,7b46ec5d-f774-43ff-9dda-fe0a866d7671,11,1000,FALSE,57e563e9-cfc1-4f9b-885e-c9c59f076275
49fdcdd0-d6e8-4a1e-9564-b877be4811d5,L0004,ae0111ba-fdd6-4fba-9330-7c76ae16e75f,11,1275,FALSE,57e563e9-cfc1-4f9b-885e-c9c59f076275
78e2519d-639e-4fac-a031-076054f82ed3,L0001,918de257-4ffb-4d83-b009-fc757df4931e,7,1275,FALSE,57e563e9-cfc1-4f9b-885e-c9c59f076275
78e2519d-639e-4fac-a031-076054f82ed3,L0002,625e361c-ccb5-4a29-a6c7-9e35eda6551b,6,800,FALSE,57e563e9-cfc1-4f9b-885e-c9c59f076275
78e2519d-639e-4fac-a031-076054f82ed3,L0003,4f0bf19e-4123-4a50-8654-28e6379b7cea,9,1275,FALSE,57e563e9-cfc1-4f9b-885e-c9c59f076275
78e2519d-639e-4fac-a031-076054f82ed3,L0004,518a7e85-858d-4caf-a8b6-b8919e182154,9,1275,FALSE,57e563e9-cfc1-4f9b-885e-c9c59f076275
78e2519d-639e-4fac-a031-076054f82ed3,L0005,aed42111-1ed0-4030-aeb0-f31b6aa24d67,6,800,FALSE,57e563e9-cfc1-4f9b-885e-c9c59f076275
78e2519d-639e-4fac-a031-076054f82ed3,L0006,25ef6920-8b53-4a49-8cf4-5e386d513686,7,1275,FALSE,57e563e9-cfc1-4f9b-885e-c9c59f076275
a7380446-a51d-44c2-abf1-0d3a9899d3a2,L0001,fdc90c60-3df2-4ff7-9329-357a5e07bc69,13,1000,FALSE,57e563e9-cfc1-4f9b-885e-c9c59f076275
a7380446-a51d-44c2-abf1-0d3a9899d3a2,L0002,28ae0cae-260c-4c98-be8c-2d46429d8664,13,1600,FALSE,57e563e9-cfc1-4f9b-885e-c9c59f076275
a7380446-a51d-44c2-abf1-0d3a9899d3a2,L0003,e7513c06-5e0c-47c3-88e5-822cb0a29678,4,1000,FALSE,57e563e9-cfc1-4f9b-885e-c9c59f076275
a7380446-a51d-44c2-abf1-0d3a9899d3a2,L0004,0ef31fd8-ebf0-4cc3-a851-e8fad0ac2000,4,1000,FALSE,57e563e9-cfc1-4f9b-885e-c9c59f076275
61cf565e-ba4c-40d0-9bba-77ace1f5ae83,L0201,bae4c9a4-0414-450a-b101-7fa6d78567cf,10,,FALSE,57e563e9-cfc1-4f9b-885e-c9c59f076275
61cf565e-ba4c-40d0-9bba-77ace1f5ae83,L0202,94b9fe58-a629-45e0-9171-ce9b3d5daa9a,10,,FALSE,57e563e9-cfc1-4f9b-885e-c9c59f076275
808bf640-8295-46a9-a083-c43472345717,L0301,2b730b3e-9349-4bf8-b958-23ab09147d1a,11,,FALSE,57e563e9-cfc1-4f9b-885e-c9c59f076275
808bf640-8295-46a9-a083-c43472345717,L0302,539ab433-7ae4-4822-a995-3c650babeafd,11,,FALSE,57e563e9-cfc1-4f9b-885e-c9c59f076275
808bf640-8295-46a9-a083-c43472345717,L0401,d55491cc-397c-4230-ab15-3861b4633a24,11,,FALSE,57e563e9-cfc1-4f9b-885e-c9c59f076275
808bf640-8295-46a9-a083-c43472345717,L0402,db0a218d-a4cd-4bcc-bb4a-2ddd5e75bc03,11,,FALSE,57e563e9-cfc1-4f9b-885e-c9c59f076275
808bf640-8295-46a9-a083-c43472345717,L0501,b13e0b52-4ea4-4caf-a590-fb5791582b5c,11,,FALSE,57e563e9-cfc1-4f9b-885e-c9c59f076275
808bf640-8295-46a9-a083-c43472345717,L0502,a16f6612-88e9-4af4-a9bf-b8f63a7fd82d,11,,FALSE,57e563e9-cfc1-4f9b-885e-c9c59f076275
808bf640-8295-46a9-a083-c43472345717,L0601,29103d04-3b52-4f9e-8f3e-5bf4a110c10c,11,,FALSE,57e563e9-cfc1-4f9b-885e-c9c59f076275
808bf640-8295-46a9-a083-c43472345717,L0602,34aba3bf-ba02-4c8b-86f7-bc63ba972f4f,11,,FALSE,57e563e9-cfc1-4f9b-885e-c9c59f076275
808bf640-8295-46a9-a083-c43472345717,L0701,0854406d-fecf-43a9-af63-346ab0f88193,11,,FALSE,57e563e9-cfc1-4f9b-885e-c9c59f076275
808bf640-8295-46a9-a083-c43472345717,L0702,589f7c72-2f09-4a34-90ea-dbecd1a66d79,11,,FALSE,57e563e9-cfc1-4f9b-885e-c9c59f076275
808bf640-8295-46a9-a083-c43472345717,L0801,b05e96f2-cb94-4fac-b475-4ad459cf79bf,11,,FALSE,57e563e9-cfc1-4f9b-885e-c9c59f076275
808bf640-8295-46a9-a083-c43472345717,L0802,3af39067-49d1-4bb1-affc-7a4ba3f39885,11,,FALSE,57e563e9-cfc1-4f9b-885e-c9c59f076275
808bf640-8295-46a9-a083-c43472345717,L0901,c5d52641-66ff-4e98-a265-76de09b45f95,11,,FALSE,57e563e9-cfc1-4f9b-885e-c9c59f076275
808bf640-8295-46a9-a083-c43472345717,L0902,3e290771-0e66-46e7-9ddc-ff751779e9bf,11,,FALSE,57e563e9-cfc1-4f9b-885e-c9c59f076275
808bf640-8295-46a9-a083-c43472345717,L1001,419d9483-759a-4ca2-bac9-7d64dde18c80,11,,FALSE,57e563e9-cfc1-4f9b-885e-c9c59f076275
808bf640-8295-46a9-a083-c43472345717,L1002,1b75270b-071f-46dc-9a45-03c40916314f,11,,FALSE,57e563e9-cfc1-4f9b-885e-c9c59f076275
808bf640-8295-46a9-a083-c43472345717,L1101,3148a021-af1e-4725-895c-ad43e459565c,26,,FALSE,57e563e9-cfc1-4f9b-885e-c9c59f076275
808bf640-8295-46a9-a083-c43472345717,L1102,93659461-8a92-4778-8891-51375d97649c,26,,FALSE,57e563e9-cfc1-4f9b-885e-c9c59f076275
808bf640-8295-46a9-a083-c43472345717,L1103,c6297117-3141-42cc-bbb0-c42c1e5240c8,26,,FALSE,57e563e9-cfc1-4f9b-885e-c9c59f076275
808bf640-8295-46a9-a083-c43472345717,L1201,6606bcae-baef-420d-8e78-ef56735dde8a,26,,FALSE,57e563e9-cfc1-4f9b-885e-c9c59f076275
808bf640-8295-46a9-a083-c43472345717,L1202,2bd899e4-02be-4348-8820-35630f32aafe,26,,FALSE,57e563e9-cfc1-4f9b-885e-c9c59f076275
336a8fdd-12e9-4666-b3e9-11bc693b4bee,L0001,28362526-79a7-4677-8465-a1817897b4ff,16,1000,FALSE,57e563e9-cfc1-4f9b-885e-c9c59f076275
336a8fdd-12e9-4666-b3e9-11bc693b4bee,L0002,fbdec1d4-be74-4d96-acd2-19876ef90703,16,630,FALSE,57e563e9-cfc1-4f9b-885e-c9c59f076275
336a8fdd-12e9-4666-b3e9-11bc693b4bee,L0003,ea113b8d-f87c-4ffe-aa51-65d08fd5ea5f,16,1000,FALSE,57e563e9-cfc1-4f9b-885e-c9c59f076275
b763ac1f-21a6-4815-ab20-f52e62b7c55c,L0001,6683463c-0ddc-4d0f-ad33-891ebc2abaf2,8,1250,FALSE,39f5db17-8285-4faa-bd5e-042c9a12c797
4efb8f89-6cef-4fa6-bab2-0d06a3924154,L0001,65f662b1-1490-40bc-974e-da4a9297fb02,7,1350,FALSE,57e563e9-cfc1-4f9b-885e-c9c59f076275
4efb8f89-6cef-4fa6-bab2-0d06a3924154,L0002,6b343f6c-7320-40c6-9bc9-037ec2948d07,4,1350,FALSE,57e563e9-cfc1-4f9b-885e-c9c59f076275
4efb8f89-6cef-4fa6-bab2-0d06a3924154,L0003,b0454e48-23f3-4035-ad2f-487f40a4610d,7,1350,FALSE,57e563e9-cfc1-4f9b-885e-c9c59f076275
93d2092b-4021-4df4-a3eb-3dba0b157eae,L0001,3330e74c-c779-4b08-be6d-708611da25a6,8,1050,FALSE,57e563e9-cfc1-4f9b-885e-c9c59f076275
5bbb243b-d772-41d9-ac5b-400c1e7b2673,L0001,9ea041e0-b2d2-441a-a73b-596ab6712fc3,40,1600,TRUE,57e563e9-cfc1-4f9b-885e-c9c59f076275
5bbb243b-d772-41d9-ac5b-400c1e7b2673,L0002,12a90b48-7a89-4f40-bc14-13ec3fd786fa,40,1600,TRUE,57e563e9-cfc1-4f9b-885e-c9c59f076275
5bbb243b-d772-41d9-ac5b-400c1e7b2673,L0003,b9ace515-34e6-4f67-9904-1a4bab1d3b50,40,1600,FALSE,57e563e9-cfc1-4f9b-885e-c9c59f076275
5bbb243b-d772-41d9-ac5b-400c1e7b2673,L0004,3a8f9112-e38b-4f39-ade9-b29e161287a7,40,1600,FALSE,57e563e9-cfc1-4f9b-885e-c9c59f076275
5719fce6-3e16-4a89-9ca2-bfb81be37f0f,G0001,aab8ebcb-6538-4c7e-8e9f-e0e6810dab30,135,,FALSE,264b043a-d136-41c9-8b31-b31bb3373430
5719fce6-3e16-4a89-9ca2-bfb81be37f0f,K0002,515f2674-cb12-4efe-8e75-8ce3295097f6,100,,FALSE,264b043a-d136-41c9-8b31-b31bb3373430
5719fce6-3e16-4a89-9ca2-bfb81be37f0f,V0001,50be3731-586f-492a-8c1c-9cef410da9a9,100,,FALSE,264b043a-d136-41c9-8b31-b31bb3373430
5719fce6-3e16-4a89-9ca2-bfb81be37f0f,K0001,d3a0d954-1904-40a3-b416-606e485e8bd3,130,,FALSE,264b043a-d136-41c9-8b31-b31bb3373430
5719fce6-3e16-4a89-9ca2-bfb81be37f0f,G0002,cb802237-91d7-4ddf-803a-6e3fe76db79a,110,,FALSE,264b043a-d136-41c9-8b31-b31bb3373430
695ecef4-e21a-4d46-8c6b-39425ab02dea,K101,26559153-2603-4ddf-b7c3-984a05801640,,,FALSE,b9c49d83-3e3f-48b9-8b44-b93fa694cf44
695ecef4-e21a-4d46-8c6b-39425ab02dea,K102,7f6616f9-4246-4663-b73c-5392ad9303c8,,,FALSE,b9c49d83-3e3f-48b9-8b44-b93fa694cf44
695ecef4-e21a-4d46-8c6b-39425ab02dea,K203,79404ef8-eecf-4649-9940-5dee51af1d24,,,FALSE,b9c49d83-3e3f-48b9-8b44-b93fa694cf44
695ecef4-e21a-4d46-8c6b-39425ab02dea,K204,781d90f1-3afa-48b5-858c-6c1d8535ee1b,,,FALSE,b9c49d83-3e3f-48b9-8b44-b93fa694cf44
695ecef4-e21a-4d46-8c6b-39425ab02dea,K305,f741097f-c8af-4c17-baa4-28efcd1f541b,,,FALSE,b9c49d83-3e3f-48b9-8b44-b93fa694cf44
695ecef4-e21a-4d46-8c6b-39425ab02dea,K306,33e85a67-6361-4d0b-b84c-b2dd75851fd2,,,FALSE,b9c49d83-3e3f-48b9-8b44-b93fa694cf44
695ecef4-e21a-4d46-8c6b-39425ab02dea,K407,508f1528-81ae-4bb2-8811-fd1ad57b71b2,,,FALSE,b9c49d83-3e3f-48b9-8b44-b93fa694cf44
695ecef4-e21a-4d46-8c6b-39425ab02dea,K408,40c06fe8-bbf4-49f7-8c40-bab87ea31e82,,,FALSE,b9c49d83-3e3f-48b9-8b44-b93fa694cf44
695ecef4-e21a-4d46-8c6b-39425ab02dea,K509,8548ff82-a83c-4a69-b1ea-f673eb12f46a,,,FALSE,b9c49d83-3e3f-48b9-8b44-b93fa694cf44
695ecef4-e21a-4d46-8c6b-39425ab02dea,K510,c4ecc0c6-8ba7-4601-91fe-1b320ce0afd4,,,FALSE,b9c49d83-3e3f-48b9-8b44-b93fa694cf44
695ecef4-e21a-4d46-8c6b-39425ab02dea,K611,0dae6d46-f4f0-416f-be29-d6309dc7c407,,,FALSE,b9c49d83-3e3f-48b9-8b44-b93fa694cf44
695ecef4-e21a-4d46-8c6b-39425ab02dea,K612,0451a2ec-7a91-4a17-b25a-7abbfe4e002d,,,FALSE,b9c49d83-3e3f-48b9-8b44-b93fa694cf44
695ecef4-e21a-4d46-8c6b-39425ab02dea,K713,cb9922f7-a6e0-4055-9bd7-55b50c2b05d3,,,FALSE,b9c49d83-3e3f-48b9-8b44-b93fa694cf44
695ecef4-e21a-4d46-8c6b-39425ab02dea,K714,a66457d6-6bc0-4487-b6be-92f0d1ee4736,,,FALSE,b9c49d83-3e3f-48b9-8b44-b93fa694cf44
31587545-8f9c-4e83-9b84-9143331c1434,L0001,5f3d8364-6415-4cc6-89ee-77611c547ff0,8,1000,FALSE,b9c49d83-3e3f-48b9-8b44-b93fa694cf44
31587545-8f9c-4e83-9b84-9143331c1434,L0002,36fee813-1ccd-45fd-8b02-06e9f31e47f5,8,1250,FALSE,b9c49d83-3e3f-48b9-8b44-b93fa694cf44
31587545-8f9c-4e83-9b84-9143331c1434,L0003,b68e835c-791c-41a0-9414-9eb120d171bd,9,1250,FALSE,b9c49d83-3e3f-48b9-8b44-b93fa694cf44
31587545-8f9c-4e83-9b84-9143331c1434,L0004,3f12a2c6-c4ee-405c-9e56-d16ca7b99a53,9,1000,FALSE,b9c49d83-3e3f-48b9-8b44-b93fa694cf44
b4621c77-116d-4d76-85d0-dde781f8eb29,KH0001,e86b3537-3a72-4b55-87f8-82c6e8308cc0,8,,FALSE,b9c49d83-3e3f-48b9-8b44-b93fa694cf44
b4621c77-116d-4d76-85d0-dde781f8eb29,KH0002,869c3a3e-1dbb-41ab-afb1-73424515903a,8,,FALSE,b9c49d83-3e3f-48b9-8b44-b93fa694cf44
b4621c77-116d-4d76-85d0-dde781f8eb29,KH0003,7497ea28-f4e2-458d-8117-1f200fc22289,8,,FALSE,b9c49d83-3e3f-48b9-8b44-b93fa694cf44
b4621c77-116d-4d76-85d0-dde781f8eb29,CH0001,6c65fe4c-b00b-432a-9369-6026cd0c6889,8,,FALSE,b9c49d83-3e3f-48b9-8b44-b93fa694cf44
b4621c77-116d-4d76-85d0-dde781f8eb29,CH0002,8c526970-69d6-49ae-a767-efa25d407541,8,,FALSE,b9c49d83-3e3f-48b9-8b44-b93fa694cf44
b4621c77-116d-4d76-85d0-dde781f8eb29,MK0001,61cf1ecd-89dd-414e-a9dc-aef36e7f648e,12,1350,FALSE,b9c49d83-3e3f-48b9-8b44-b93fa694cf44
b4621c77-116d-4d76-85d0-dde781f8eb29,MK0002,a938f8f7-ec89-4589-b579-be8bf1a310c2,12,1350,FALSE,b9c49d83-3e3f-48b9-8b44-b93fa694cf44
b4621c77-116d-4d76-85d0-dde781f8eb29,MK0003,d3a96830-2a87-4767-b337-d340f777b20f,12,1000,FALSE,b9c49d83-3e3f-48b9-8b44-b93fa694cf44
b4621c77-116d-4d76-85d0-dde781f8eb29,MK0004,178ed987-a879-4705-943b-f488211af0ab,12,1000,FALSE,b9c49d83-3e3f-48b9-8b44-b93fa694cf44
9f6e78a8-ae91-479c-9830-072976842e2c,L0001,2a3fd8fc-9d17-4619-98f7-27b4f690d461,9,1350,FALSE,57e563e9-cfc1-4f9b-885e-c9c59f076275
9f6e78a8-ae91-479c-9830-072976842e2c,L0002,22ca42bb-10cc-4c0f-8916-6a7ed2f74729,9,1350,FALSE,57e563e9-cfc1-4f9b-885e-c9c59f076275
bf8b7613-3fc4-44a9-80cf-70be3150709e,L0001,92b9105d-d293-433d-b52d-0479cc79f60a,7,1050,FALSE,57e563e9-cfc1-4f9b-885e-c9c59f076275
9ca00d2c-d824-4172-9b01-11b5ea395289,L0001,d764d2c8-0957-4263-abed-79fede00e638,,,FALSE,
9ca00d2c-d824-4172-9b01-11b5ea395289,L0002,bfa0fa5e-122d-44a6-9dee-a5f3b0f93b2e,,,FALSE,
1aa74853-22c6-45d3-bcb4-8a6ad960c25d,L0003,10608c5b-ef76-45a2-9955-72c4baa45d2d,19,,FALSE,39f5db17-8285-4faa-bd5e-042c9a12c797
1aa74853-22c6-45d3-bcb4-8a6ad960c25d,L0004,858020b9-2a28-481a-ac91-ebbb19db5a02,19,,FALSE,39f5db17-8285-4faa-bd5e-042c9a12c797
72df828f-338b-4a61-857e-41d75526cba4,L0001,6461137b-6285-4887-8e51-08cb6b88fe4e,11,1000,FALSE,57e563e9-cfc1-4f9b-885e-c9c59f076275
72df828f-338b-4a61-857e-41d75526cba4,L0002,e5cd544d-97f2-4ffa-be77-c41d18d78762,11,630,FALSE,57e563e9-cfc1-4f9b-885e-c9c59f076275
792b7367-dfea-4aa0-9adc-58e434fc8c98,L0001,8fcd1613-9074-467c-9fe2-bb4c7f41d29f,2,1600,FALSE,39f5db17-8285-4faa-bd5e-042c9a12c797
792b7367-dfea-4aa0-9adc-58e434fc8c98,L0002,084d4eb9-e9e7-452e-941e-28a9660f74f1,2,1600,FALSE,39f5db17-8285-4faa-bd5e-042c9a12c797
7123cc09-b640-437a-8798-45251e0da490,L0001,eeafac7b-f287-412d-b257-9a976cc928ab,15,1350,FALSE,57e563e9-cfc1-4f9b-885e-c9c59f076275
7123cc09-b640-437a-8798-45251e0da490,L0002,1bcbb875-fe42-418f-879c-6b84b1a50011,15,1600,TRUE,57e563e9-cfc1-4f9b-885e-c9c59f076275
7123cc09-b640-437a-8798-45251e0da490,L0003,a35f4efc-5e17-4cdc-9a11-72a939bd2a41,15,1600,TRUE,57e563e9-cfc1-4f9b-885e-c9c59f076275
7123cc09-b640-437a-8798-45251e0da490,L0004,a6eec252-92fc-42e1-ae02-22045f4cc2f6,15,1350,FALSE,57e563e9-cfc1-4f9b-885e-c9c59f076275
2e71ede0-f32d-4630-952d-aed7f9c504b0,L0001,dd9fe225-92c1-4a2e-ba62-93af4b87f586,5,1050,FALSE,57e563e9-cfc1-4f9b-885e-c9c59f076275
2e71ede0-f32d-4630-952d-aed7f9c504b0,DW0001,d356ca63-598c-4827-9c2b-7533e840beb6,2,200,FALSE,39f5db17-8285-4faa-bd5e-042c9a12c797
2e71ede0-f32d-4630-952d-aed7f9c504b0,DW0002,427b2259-9ed3-42ae-bccd-4678c9d45a60,2,200,FALSE,39f5db17-8285-4faa-bd5e-042c9a12c797
93c267f9-fe22-46ba-8ada-aa222b56264d,L0001,55b2a7f2-b81e-45df-918f-db2b833a57c2,22,1600,TRUE,39f5db17-8285-4faa-bd5e-042c9a12c797
93c267f9-fe22-46ba-8ada-aa222b56264d,L0002,ba6b71c9-a9c5-43df-96e0-81ae025b183a,22,1600,TRUE,39f5db17-8285-4faa-bd5e-042c9a12c797
93c267f9-fe22-46ba-8ada-aa222b56264d,L0003,b79cecfd-d715-4183-ab4f-3e1b132808f9,22,1000,FALSE,39f5db17-8285-4faa-bd5e-042c9a12c797
93c267f9-fe22-46ba-8ada-aa222b56264d,L0004,55bed094-f575-423c-901e-d327b73ce523,22,1000,FALSE,39f5db17-8285-4faa-bd5e-042c9a12c797
97ca0a05-717f-46ad-8273-5c62d7b7e773,L0001,9e17b682-f021-4111-a78f-0f8defed4c14,5,1350,FALSE,57e563e9-cfc1-4f9b-885e-c9c59f076275
fa29fbbe-3029-4837-adde-793c2ca8395d,L0001,3cc3278d-9fcb-4890-ac3a-7777df66124a,,,FALSE,526fd746-78db-423e-bd98-1338f8338f87
5a1f5ff1-c9b1-4456-b679-7b227f5802e6,L0001,97e60a67-88d5-4231-a420-1307a3bcded5,10,1600,FALSE,57e563e9-cfc1-4f9b-885e-c9c59f076275
5a1f5ff1-c9b1-4456-b679-7b227f5802e6,L0002,98be7a4f-faee-42dd-aecf-a5ca4298cab4,10,1600,FALSE,57e563e9-cfc1-4f9b-885e-c9c59f076275
5a1f5ff1-c9b1-4456-b679-7b227f5802e6,L0003,eea426b0-9012-4eb3-a1b0-547a2b55f25d,8,1600,FALSE,57e563e9-cfc1-4f9b-885e-c9c59f076275
5a1f5ff1-c9b1-4456-b679-7b227f5802e6,L0004,62dcd228-b326-4d42-996b-3954777fd4da,7,1600,FALSE,57e563e9-cfc1-4f9b-885e-c9c59f076275
8b348159-e655-4c98-ae2b-fd9ac86087e2,L0001,d18bfcae-de1d-4b93-944d-5e460d04b513,6,,FALSE,57e563e9-cfc1-4f9b-885e-c9c59f076275
8b348159-e655-4c98-ae2b-fd9ac86087e2,L0002,eedd4b51-4e5e-42cf-9490-d09babbe4aef,6,,FALSE,57e563e9-cfc1-4f9b-885e-c9c59f076275
8b348159-e655-4c98-ae2b-fd9ac86087e2,L0003,cff1e6f3-46ea-4dbe-80d6-013e18b651ed,6,2000,FALSE,57e563e9-cfc1-4f9b-885e-c9c59f076275
8b348159-e655-4c98-ae2b-fd9ac86087e2,L0004,adf0d1c5-b227-428f-b769-ce23ac6c11c4,6,2000,FALSE,57e563e9-cfc1-4f9b-885e-c9c59f076275
8b348159-e655-4c98-ae2b-fd9ac86087e2,E0001,d72476bd-7251-429f-8807-4af4e38688f3,,,FALSE,57e563e9-cfc1-4f9b-885e-c9c59f076275
8b348159-e655-4c98-ae2b-fd9ac86087e2,E0002,bbb95e13-3d64-4cdf-a6ac-46e0bb5b057f,,,FALSE,57e563e9-cfc1-4f9b-885e-c9c59f076275
8b348159-e655-4c98-ae2b-fd9ac86087e2,E0003,fd98faf3-3fea-4de4-91b6-f53e73ccb3b7,,,FALSE,57e563e9-cfc1-4f9b-885e-c9c59f076275
8b348159-e655-4c98-ae2b-fd9ac86087e2,E0004,e577ee3c-173b-438b-893b-18de886624a0,,,FALSE,57e563e9-cfc1-4f9b-885e-c9c59f076275
8b348159-e655-4c98-ae2b-fd9ac86087e2,E0005,ab537bde-bb88-4104-b8ec-769086801f6d,,,FALSE,57e563e9-cfc1-4f9b-885e-c9c59f076275
8b348159-e655-4c98-ae2b-fd9ac86087e2,E0006,c78a112d-cd1d-4552-9fe1-95cdcba744d2,,,FALSE,57e563e9-cfc1-4f9b-885e-c9c59f076275
8b348159-e655-4c98-ae2b-fd9ac86087e2,E0007,c9b70f3f-b230-4835-a059-33db327c5599,,,FALSE,57e563e9-cfc1-4f9b-885e-c9c59f076275
8b348159-e655-4c98-ae2b-fd9ac86087e2,E0008,edc2449c-a435-448a-9849-3190154122ad,,,FALSE,57e563e9-cfc1-4f9b-885e-c9c59f076275
8b348159-e655-4c98-ae2b-fd9ac86087e2,E0009,3467beb4-58c0-4b78-8311-031fb06676b0,,,FALSE,57e563e9-cfc1-4f9b-885e-c9c59f076275
8b348159-e655-4c98-ae2b-fd9ac86087e2,E0010,2d1ce32d-4b19-4f85-9324-c769fcfd83c6,,,FALSE,57e563e9-cfc1-4f9b-885e-c9c59f076275
8b348159-e655-4c98-ae2b-fd9ac86087e2,E0011,d9e3fc3d-ccfe-4acd-9520-96904729a211,,,FALSE,57e563e9-cfc1-4f9b-885e-c9c59f076275
8b348159-e655-4c98-ae2b-fd9ac86087e2,E0012,4497a0ac-3693-4084-98ef-68c28fd5691c,,,FALSE,57e563e9-cfc1-4f9b-885e-c9c59f076275
8b348159-e655-4c98-ae2b-fd9ac86087e2,T0001,0ebba8fa-a408-4199-9727-347abf407207,,,FALSE,57e563e9-cfc1-4f9b-885e-c9c59f076275
8b348159-e655-4c98-ae2b-fd9ac86087e2,T0002,b3319870-4aa3-40d7-939f-c0e2a7b94f7e,,,FALSE,57e563e9-cfc1-4f9b-885e-c9c59f076275
8b348159-e655-4c98-ae2b-fd9ac86087e2,T0003,828aa9f8-3b59-47c2-b82b-c4423941829e,,,FALSE,57e563e9-cfc1-4f9b-885e-c9c59f076275
8b348159-e655-4c98-ae2b-fd9ac86087e2,T0004,e959ea02-5f07-4e0a-86bb-8909402f80a8,,,FALSE,57e563e9-cfc1-4f9b-885e-c9c59f076275
5a84a3c0-0237-492b-ab84-dc0272cde639,L0001,268454e4-5001-458a-9253-a60a7f3e8a70,5,1250,FALSE,57e563e9-cfc1-4f9b-885e-c9c59f076275
